City_ID,City,Country,Date,Lat,Lng,Max Temp,Humidity,Cloudiness,Wind Speed
0,Barrow,US,2022-12-19 01:00:37,71.2906,-156.7887,12.22,85,23,8.05
1,Rikitea,PF,2022-12-19 01:00:44,-23.1203,-134.9692,77.65,81,100,13.53
2,Bambous Virieux,MU,2022-12-19 01:00:38,-20.3428,57.7575,76.21,78,61,13.24
3,Oranjemund,NA,2022-12-19 00:59:40,-28.55,16.4333,64.98,85,96,8.66
4,Ust-Maya,RU,2022-12-19 01:04:06,60.4167,134.5333,-29.81,96,100,3.02
5,Busselton,AU,2022-12-19 01:00:26,-33.65,115.3333,78.17,41,5,7.58
6,Kushima,JP,2022-12-19 01:04:06,31.4583,131.2333,43.59,59,8,5.01
7,Buckeye,US,2022-12-19 00:59:32,33.3703,-112.5838,59.29,40,0,0.0
8,Okhotsk,RU,2022-12-19 01:03:23,59.3833,143.3,7.88,87,94,10.33
9,Yellowknife,CA,2022-12-19 01:01:01,62.456,-114.3525,-19.44,75,90,3.0
10,Acarau,BR,2022-12-19 01:01:14,-2.8856,-40.12,78.87,75,100,14.07
11,Torbay,CA,2022-12-19 01:04:08,47.6666,-52.7314,38.57,95,100,15.01
12,Shimoda,JP,2022-12-19 01:04:09,34.6667,138.95,43.11,54,2,27.69
13,Punta Arenas,CL,2022-12-19 01:00:33,-53.15,-70.9167,53.11,50,100,19.55
14,San Juan,AR,2022-12-19 01:02:42,-31.5375,-68.5364,83.05,24,16,7.05
15,Ilulissat,GL,2022-12-19 01:04:10,69.2167,-51.1,24.82,36,100,10.36
16,Albany,US,2022-12-19 00:56:59,42.6001,-73.9662,30.4,76,12,5.01
17,Ushuaia,AR,2022-12-19 00:59:14,-54.8,-68.3,53.26,47,0,2.3
18,Along,IN,2022-12-19 01:04:11,28.1667,94.7667,51.62,74,0,1.25
19,Dikson,RU,2022-12-19 01:04:12,73.5069,80.5464,2.82,85,100,4.74
20,Butaritari,KI,2022-12-19 01:00:17,3.0707,172.7902,81.36,79,11,16.73
21,Sitka,US,2022-12-19 01:04:12,57.0531,-135.33,19.29,42,40,9.22
22,Sur,OM,2022-12-19 01:04:13,22.5667,59.5289,73.45,62,6,10.31
23,Bredasdorp,ZA,2022-12-19 01:00:32,-34.5322,20.0403,64.71,75,100,5.84
24,Provideniya,RU,2022-12-19 01:04:14,64.3833,-173.3,26.71,68,75,20.13
25,Geraldton,AU,2022-12-19 01:04:15,-28.7667,114.6,91.81,15,5,24.16
26,Barbastro,ES,2022-12-19 01:04:15,42.0356,0.1269,45.14,78,84,5.93
27,San Cristobal,VE,2022-12-19 01:04:16,7.7669,-72.225,64.24,80,100,1.79
28,General Pico,AR,2022-12-19 01:00:39,-35.6566,-63.7568,74.55,23,8,10.47
29,Yanam,IN,2022-12-19 01:04:16,16.7333,82.2167,67.68,80,73,4.36
30,Lavrentiya,RU,2022-12-19 01:04:17,65.5833,-171.0,12.61,73,27,7.16
31,Kununurra,AU,2022-12-19 01:03:02,-15.7667,128.7333,80.58,83,40,4.61
32,Mecca,SA,2022-12-19 01:04:18,21.4267,39.8261,73.33,68,0,1.05
33,Vaini,TO,2022-12-19 01:00:28,-21.2,-175.2,79.11,74,2,10.69
34,Timizart,DZ,2022-12-19 01:04:19,36.8,4.2667,51.49,74,0,5.75
35,Shingu,JP,2022-12-19 01:00:08,33.7333,135.9833,41.68,54,4,13.78
36,Kushmurun,KZ,2022-12-19 01:01:54,52.4503,64.6311,19.54,77,100,18.7
37,Srednekolymsk,RU,2022-12-19 01:04:20,67.45,153.6833,0.05,96,100,1.5
38,Kaitangata,NZ,2022-12-19 01:03:18,-46.2817,169.8464,56.01,73,100,5.99
39,Anda,CN,2022-12-19 01:04:21,46.4,125.3167,-6.41,74,14,7.18
40,Atuona,PF,2022-12-19 01:00:32,-9.8,-139.0333,78.17,79,100,18.16
41,Clyde River,CA,2022-12-19 01:04:22,70.4692,-68.5914,16.36,76,100,5.64
42,Maba,CN,2022-12-19 01:04:23,24.6841,113.5984,42.8,43,80,2.1
43,Pevek,RU,2022-12-19 01:04:24,69.7008,170.3133,26.92,59,93,13.42
44,Avarua,CK,2022-12-19 01:01:56,-21.2078,-159.775,80.65,83,20,11.5
45,Sobolevo,RU,2022-12-19 01:04:25,54.4299,31.8996,12.94,95,98,9.19
46,Faanui,PF,2022-12-19 01:05:26,-16.4833,-151.75,80.06,73,100,9.55
47,Zabrani,RO,2022-12-19 01:05:26,46.0667,21.55,27.18,68,1,2.51
48,Narsaq,GL,2022-12-19 01:05:27,60.9167,-46.05,14.22,61,1,7.78
49,Tuktoyaktuk,CA,2022-12-19 01:00:45,69.4541,-133.0374,-20.11,100,86,7.45
50,Sinnamary,GF,2022-12-19 01:01:17,5.3833,-52.95,77.49,84,99,10.85
51,Kapaa,US,2022-12-19 00:56:09,22.0752,-159.319,75.18,89,13,1.99
52,Nanortalik,GL,2022-12-19 01:00:23,60.1432,-45.2371,19.24,74,44,5.95
53,Deputatskiy,RU,2022-12-19 01:05:29,69.3,139.9,-11.45,100,100,2.48
54,Alugan,PH,2022-12-19 01:05:29,12.2188,125.4808,80.53,84,100,15.39
55,Arraial Do Cabo,BR,2022-12-19 01:05:30,-22.9661,-42.0278,73.83,81,100,10.78
56,Hilo,US,2022-12-19 01:00:13,19.7297,-155.09,79.11,85,5,1.01
57,Airai,TL,2022-12-19 01:05:30,-8.9266,125.4092,65.12,82,100,0.16
58,Noumea,NC,2022-12-19 01:05:31,-22.2763,166.4572,87.78,99,40,11.63
59,Lagoa,PT,2022-12-19 01:05:31,39.05,-27.9833,59.59,82,41,14.94
60,Ponte De Sor,PT,2022-12-19 01:05:32,39.2496,-8.0101,50.54,97,100,7.34
61,Korla,CN,2022-12-19 01:05:32,41.7597,86.1469,18.25,58,0,1.83
62,Belyy Yar,RU,2022-12-19 01:05:33,53.6039,91.3903,10.29,67,0,15.66
63,Beawar,IN,2022-12-19 01:05:33,26.1,74.3167,55.27,31,100,3.06
64,Praia,CV,2022-12-19 01:05:34,14.9215,-23.5087,74.1,78,14,13.8
65,Flin Flon,CA,2022-12-19 01:02:08,54.7682,-101.865,-8.7,91,100,8.3
66,Upernavik,GL,2022-12-19 01:05:35,72.7868,-56.1549,24.93,65,100,7.05
67,Demidov,RU,2022-12-19 01:05:35,55.2706,31.515,18.54,86,100,11.27
68,Turan,VN,2022-12-19 01:05:36,16.0678,108.2208,62.58,88,100,5.75
69,Cherskiy,RU,2022-12-19 01:05:36,68.75,161.3,15.96,79,96,5.48
70,Tocopilla,CL,2022-12-19 01:01:54,-22.092,-70.1979,69.04,72,0,4.34
71,Sambava,MG,2022-12-19 01:01:53,-14.2667,50.1667,74.14,89,84,5.68
72,Thompson,CA,2022-12-19 01:05:37,55.7435,-97.8558,-10.86,90,100,6.13
73,Vedeno,RU,2022-12-19 01:05:38,42.9703,46.095,43.9,50,91,4.18
74,Katsuura,JP,2022-12-19 00:59:57,35.1333,140.3,44.62,55,11,21.85
75,Siteki,SZ,2022-12-19 01:05:38,-26.45,31.95,61.95,92,84,4.03
76,Vao,NC,2022-12-19 01:00:26,-22.6667,167.4833,79.05,66,0,7.7
77,Vanino,RU,2022-12-19 01:05:39,49.0869,140.2543,-3.46,70,18,6.38
78,Praia Da Vitoria,PT,2022-12-19 01:05:40,38.7333,-27.0667,60.76,94,26,14.94
79,Hobart,AU,2022-12-19 00:56:00,-42.8794,147.3294,67.05,61,75,8.05
80,Kon Tum,VN,2022-12-19 01:05:41,14.35,108.0,63.16,74,48,6.71
81,Bethanien,NA,2022-12-19 01:05:41,-26.502,17.1583,70.38,47,0,4.99
82,Hermanus,ZA,2022-12-19 01:00:34,-34.4187,19.2345,66.79,79,100,11.07
83,Tailai,CN,2022-12-19 01:05:42,46.3833,123.4,-5.08,64,0,6.04
84,Kavaratti,IN,2022-12-19 01:02:01,10.5669,72.642,81.95,71,12,9.33
85,Purranque,CL,2022-12-19 01:02:34,-40.9167,-73.1667,56.28,57,100,4.85
86,Imeni Poliny Osipenko,RU,2022-12-19 01:05:43,52.4201,136.4853,-8.95,93,100,8.75
87,Kasangulu,CD,2022-12-19 01:05:43,-4.5911,15.1708,70.52,97,85,2.93
88,Saint George,US,2022-12-19 01:05:44,37.1041,-113.5841,42.26,40,0,4.61
89,Cidreira,BR,2022-12-19 01:05:45,-30.1811,-50.2056,69.67,79,100,19.46
90,Kerchevskiy,RU,2022-12-19 01:05:45,59.946,56.2884,19.4,96,100,5.1
91,Iskateley,RU,2022-12-19 01:06:46,67.6803,53.1512,8.04,96,100,7.87
92,Cape Town,ZA,2022-12-19 01:00:33,-33.9258,18.4232,67.12,75,43,15.01
93,Hofn,IS,2022-12-19 01:06:46,64.2539,-15.2082,22.89,78,100,25.93
94,Victoria,HK,2022-12-19 01:03:04,22.2855,114.1577,56.95,47,0,8.99
95,Adrar,MR,2022-12-19 01:02:29,20.5022,-10.0711,67.17,25,0,10.85
96,Zhuhai,CN,2022-12-19 01:06:47,22.2769,113.5678,53.38,58,0,17.27
97,Mahebourg,MU,2022-12-19 01:06:48,-20.4081,57.7,76.24,77,63,13.51
98,Mar Del Plata,AR,2022-12-19 01:00:10,-38.0023,-57.5575,68.88,81,6,25.99
99,New Norfolk,AU,2022-12-19 01:03:23,-42.7826,147.0587,66.7,40,4,3.65
100,Calvinia,ZA,2022-12-19 01:06:49,-31.4707,19.776,62.08,72,5,5.64
101,Neryungri,RU,2022-12-19 01:06:49,56.6709,124.6491,-33.5,99,98,3.22
102,Nayoro,JP,2022-12-19 01:06:50,44.3506,142.4578,17.49,90,100,10.16
103,Souillac,MU,2022-12-19 01:01:07,-20.5167,57.5167,75.69,77,92,12.41
104,Polunochnoye,RU,2022-12-19 01:06:51,60.8697,60.4153,13.15,96,100,3.94
105,Saskylakh,RU,2022-12-19 01:03:13,71.9167,114.0833,-43.01,100,82,4.92
106,Hasaki,JP,2022-12-19 01:01:52,35.7333,140.8333,43.2,43,1,10.96
107,Isangel,VU,2022-12-19 01:06:52,-19.55,169.2667,83.84,70,77,3.31
108,Dingle,PH,2022-12-19 01:03:20,10.9995,122.6711,75.7,92,100,8.68
109,Whittlesea,ZA,2022-12-19 01:06:53,-32.1759,26.8244,58.3,92,70,2.89
110,Richards Bay,ZA,2022-12-19 01:06:53,-28.783,32.0377,68.99,81,77,6.8
111,Caravelas,BR,2022-12-19 01:06:54,-17.7125,-39.2481,74.39,93,100,7.02
112,Keti Bandar,PK,2022-12-19 01:06:54,24.1447,67.4497,72.37,60,100,8.23
113,Vila Velha,BR,2022-12-19 00:58:26,-20.3297,-40.2925,75.15,94,100,3.44
114,Camacha,PT,2022-12-19 01:06:55,33.0833,-16.3333,65.62,83,75,20.71
115,Ostrovnoy,RU,2022-12-19 01:06:55,68.0531,39.5131,15.57,97,81,13.15
116,Rio Cuarto,AR,2022-12-19 01:06:52,-33.1307,-64.3499,73.17,31,0,10.36
117,Qaanaaq,GL,2022-12-19 01:00:27,77.484,-69.3632,18.43,78,100,8.46
118,Mayya,RU,2022-12-19 01:06:56,61.7333,130.2811,-38.88,98,100,1.63
119,Vanimo,PG,2022-12-19 01:06:57,-2.6741,141.3028,84.22,73,74,2.19
120,El Cobre,CU,2022-12-19 01:06:57,20.0489,-75.9469,74.64,73,20,1.14
121,Gelendzhik,RU,2022-12-19 01:06:58,44.5731,38.0747,40.32,81,100,10.2
122,Shahganj,IN,2022-12-19 01:06:58,26.05,82.6833,53.15,48,64,5.17
123,Tiksi,RU,2022-12-19 01:00:29,71.6872,128.8694,-13.94,98,100,9.35
124,Puerto Ayora,EC,2022-12-19 01:02:00,-0.7393,-90.3518,71.55,92,35,1.99
125,Bilibino,RU,2022-12-19 01:06:59,68.0546,166.4372,18.18,75,100,6.85
126,Chalakudi,IN,2022-12-19 01:07:00,10.304,76.3361,73.31,100,20,3.44
127,East London,ZA,2022-12-19 01:07:00,-33.0153,27.9116,66.87,78,41,4.07
128,Grindavik,IS,2022-12-19 01:07:01,63.8424,-22.4338,19.87,73,20,26.46
129,Kimbe,PG,2022-12-19 01:07:01,-5.5502,150.1429,83.23,78,100,2.17
130,Banda Aceh,ID,2022-12-19 01:07:02,5.5577,95.3222,76.17,88,100,9.06
131,Kavieng,PG,2022-12-19 01:00:47,-2.5744,150.7967,83.43,68,100,1.36
132,Esperance,AU,2022-12-19 01:03:28,-33.8667,121.9,67.44,61,1,9.89
133,Bethel,US,2022-12-19 01:07:04,41.3712,-73.414,34.52,68,100,8.01
134,Korampallam,IN,2022-12-19 01:07:04,8.7667,78.1,75.49,83,20,9.22
135,Wagar,SD,2022-12-19 01:07:05,16.1525,36.2032,70.0,76,0,11.12
136,Auki,SB,2022-12-19 01:07:05,-8.7676,160.7034,86.58,61,6,3.98
137,Ushtobe,KZ,2022-12-19 01:07:06,45.2514,77.9838,5.67,95,27,4.21
138,Otjiwarongo,NA,2022-12-19 01:08:07,-20.4637,16.6477,64.69,48,0,6.64
139,Belmonte,BR,2022-12-19 01:04:07,-15.8631,-38.8828,76.71,87,100,8.08
140,Leningradskiy,RU,2022-12-19 01:08:07,69.3833,178.4167,11.77,90,95,10.4
141,Sunrise Manor,US,2022-12-19 01:05:09,36.2111,-115.0731,49.51,28,0,4.61
142,Kolda,SN,2022-12-19 01:08:08,12.8833,-14.95,71.92,18,75,2.8
143,Castro,BR,2022-12-19 01:02:10,-24.7911,-50.0119,59.41,93,100,10.38
144,Healesville,AU,2022-12-19 01:08:09,-37.65,145.5167,76.69,30,0,2.48
145,Georgetown,MY,2022-12-19 01:01:56,5.4112,100.3354,78.73,81,20,6.91
146,Nelson Bay,AU,2022-12-19 01:08:10,-32.7167,152.15,69.1,51,82,13.0
147,Chardara,KZ,2022-12-19 01:08:10,41.2547,67.9692,36.32,72,83,4.32
148,Salamiyah,SY,2022-12-19 01:08:11,35.0113,37.0532,50.45,54,0,3.6
149,Aden,YE,2022-12-19 01:08:11,12.7794,45.0367,76.73,58,0,6.26
150,Mount Gambier,AU,2022-12-19 01:02:04,-37.8333,140.7667,75.16,37,0,5.21
151,La Ronge,CA,2022-12-19 01:08:12,55.1001,-105.2842,-6.05,88,100,9.66
152,Maceio,BR,2022-12-19 01:08:13,-9.6658,-35.7353,74.64,88,40,3.44
153,Sumenep,ID,2022-12-19 01:08:13,-7.0167,113.8667,83.53,68,100,2.98
154,Encrucijada,CU,2022-12-19 01:08:14,22.6169,-79.8711,73.96,88,20,2.3
155,Mataura,NZ,2022-12-19 01:01:50,-46.1927,168.8643,56.48,69,100,4.25
156,Saint-Philippe,RE,2022-12-19 01:00:43,-21.3585,55.7679,74.79,84,53,13.29
157,Avera,US,2022-12-19 01:08:15,33.194,-82.5271,36.91,54,0,6.42
158,Meulaboh,ID,2022-12-19 01:08:15,4.1363,96.1285,76.32,89,100,6.11
159,Pisco,PE,2022-12-19 01:08:16,-13.7,-76.2167,69.85,83,0,16.11
160,North Bend,US,2022-12-19 01:07:31,43.4065,-124.2243,46.31,76,100,4.61
161,Cabo San Lucas,MX,2022-12-19 00:58:49,22.8909,-109.9124,71.62,74,54,0.67
162,Guerrero Negro,MX,2022-12-19 01:08:17,27.9769,-114.0611,60.76,55,0,10.45
163,Bluff,NZ,2022-12-19 01:01:55,-46.6,168.3333,56.8,76,100,11.01
164,Ulladulla,AU,2022-12-19 01:08:18,-35.35,150.4667,63.88,56,81,13.44
165,Lixourion,GR,2022-12-19 01:08:18,38.2019,20.4314,60.84,84,58,11.36
166,Nyurba,RU,2022-12-19 01:08:19,63.2842,118.3319,-42.2,100,98,5.08
167,Port Alfred,ZA,2022-12-19 01:03:24,-33.5906,26.891,60.19,95,0,3.78
168,Beringovskiy,RU,2022-12-19 01:00:41,63.05,179.3167,31.62,89,100,18.59
169,Klyuchi,RU,2022-12-19 01:08:20,52.2667,79.1667,3.92,95,100,8.08
170,Iqaluit,CA,2022-12-19 01:03:28,63.7506,-68.5145,12.58,90,100,1.54
171,Mnogovershinnyy,RU,2022-12-19 01:08:21,53.9353,139.9242,-8.28,82,34,7.16
172,Vanderhoof,CA,2022-12-19 01:08:22,54.0166,-124.0198,-8.39,84,85,5.48
173,Waw,SS,2022-12-19 01:08:22,7.7029,27.9953,76.37,33,99,4.99
174,Mount Isa,AU,2022-12-19 01:00:15,-20.7333,139.5,87.57,48,40,16.11
175,Rocha,UY,2022-12-19 01:08:24,-34.4833,-54.3333,63.64,75,0,12.3
176,Olafsvik,IS,2022-12-19 01:08:24,64.8945,-23.7142,26.29,73,100,41.27
177,Rosarito,MX,2022-12-19 01:08:25,32.3333,-117.0333,58.66,73,0,1.81
178,Uruacu,BR,2022-12-19 01:08:25,-14.5247,-49.1408,68.13,98,35,1.95
179,Nikolskoye,RU,2022-12-19 01:02:02,59.7035,30.7861,31.91,92,100,12.08
180,Hithadhoo,MV,2022-12-19 01:00:22,-0.6,73.0833,80.92,74,100,8.81
181,Kongolo,CD,2022-12-19 01:08:27,-5.3833,27.0,67.32,98,100,2.28
182,Kodiak,US,2022-12-19 01:00:25,57.79,-152.4072,34.7,78,100,5.28
183,Severo-Kurilsk,RU,2022-12-19 01:03:26,50.6789,156.125,31.06,88,94,26.28
184,Hami,CN,2022-12-19 01:08:28,42.8,93.45,16.92,44,100,2.39
185,Novyy Oskol,RU,2022-12-19 01:09:28,50.7631,37.8691,26.53,82,100,14.79
186,San Quintin,MX,2022-12-19 01:09:29,30.4833,-115.95,59.16,74,0,7.72
187,Marsh Harbour,BS,2022-12-19 01:09:29,26.5412,-77.0636,74.05,79,92,22.15
188,Fairbanks,US,2022-12-19 00:59:39,64.8378,-147.7164,-29.9,76,11,2.53
189,San Patricio,US,2022-12-19 01:09:30,28.017,-97.5169,62.44,66,100,12.77
190,Chokurdakh,RU,2022-12-19 01:00:48,70.6333,147.9167,0.57,97,100,5.32
191,Dwarka,IN,2022-12-19 01:09:31,22.2394,68.9678,74.73,62,41,9.8
192,Bodden Town,KY,2022-12-19 01:09:31,19.2833,-81.25,77.94,81,20,5.75
193,Sorland,NO,2022-12-19 01:03:18,67.667,12.6934,33.66,85,100,44.56
194,Porto Novo,BJ,2022-12-19 01:09:32,6.4965,2.6036,77.9,83,6,4.05
195,Pundaguitan,PH,2022-12-19 01:09:33,6.3711,126.1689,80.13,79,100,10.42
196,Savonlinna,FI,2022-12-19 01:09:33,61.8699,28.88,32.05,100,100,8.05
197,Nuuk,GL,2022-12-19 01:07:46,64.1835,-51.7216,23.88,53,12,7.61
198,Khatanga,RU,2022-12-19 01:01:50,71.9667,102.5,-39.46,100,59,5.14
199,Areosa,PT,2022-12-19 01:09:34,41.7178,-8.8571,58.8,78,100,26.78
200,Berlevag,NO,2022-12-19 01:09:35,70.8578,29.0864,23.0,74,100,18.41
201,Divo,CI,2022-12-19 01:09:35,5.8397,-5.36,72.39,95,6,2.93
202,Sompeta,IN,2022-12-19 01:09:36,18.9333,84.6,65.39,61,67,5.75
203,Husavik,IS,2022-12-19 01:09:37,66.0449,-17.3389,21.36,83,100,24.23
204,Nioro,GM,2022-12-19 01:09:37,13.35,-15.75,75.69,15,100,6.53
205,Awassa,ET,2022-12-19 01:09:38,7.05,38.4667,56.46,67,92,5.28
206,Kosonsoy,UZ,2022-12-19 01:09:39,41.2561,71.5508,18.16,57,29,5.3
207,Cairns,AU,2022-12-19 01:07:48,-16.9167,145.7667,91.06,70,96,18.41
208,Tasiilaq,GL,2022-12-19 01:09:40,65.6145,-37.6368,10.56,49,0,5.79
209,Petropavlovsk-Kamchatskiy,RU,2022-12-19 01:09:40,53.0452,158.6483,21.79,68,75,15.66
210,Bonavista,CA,2022-12-19 01:09:40,48.6499,-53.1147,36.84,91,100,26.82
211,Lidzbark Warminski,PL,2022-12-19 01:09:41,54.1259,20.5795,13.89,92,29,8.19
212,Jinchang,CN,2022-12-19 01:09:41,38.4953,102.1739,20.16,38,100,0.56
213,Half Moon Bay,US,2022-12-19 01:09:42,37.4636,-122.4286,53.87,76,0,9.22
214,Kargat,RU,2022-12-19 01:09:42,55.1956,80.2811,6.48,95,100,7.05
215,Cap-Aux-Meules,CA,2022-12-19 01:05:08,47.3821,-61.8597,36.9,97,100,22.12
216,Tianpeng,CN,2022-12-19 01:09:43,30.9866,103.9393,37.76,62,6,2.91
217,Abha,SA,2022-12-19 01:09:44,18.2164,42.5053,44.85,57,0,0.0
218,Muisne,EC,2022-12-19 01:09:44,0.6,-80.0333,74.03,81,66,4.38
219,Gladstone,AU,2022-12-19 01:07:23,-23.85,151.25,78.73,50,75,19.57
220,Kutum,SD,2022-12-19 01:09:45,14.2,24.6667,59.38,39,4,6.89
221,Tual,ID,2022-12-19 01:09:45,-5.6667,132.75,80.74,81,100,8.55
222,Inuvik,CA,2022-12-19 01:09:46,68.3499,-133.7218,-36.11,100,87,2.59
223,Flinders,AU,2022-12-19 01:09:46,-34.5833,150.8552,70.18,53,37,11.01
224,Mont-De-Marsan,FR,2022-12-19 01:09:47,44.0,-0.6667,48.61,97,0,6.91
225,Jamestown,US,2022-12-19 00:58:44,42.097,-79.2353,26.55,92,100,18.41
226,Huarmey,PE,2022-12-19 01:09:48,-10.0681,-78.1522,69.91,81,70,7.05
227,Pacific Grove,US,2022-12-19 01:09:48,36.6177,-121.9166,54.55,81,0,7.0
228,Soc Trang,VN,2022-12-19 01:10:49,9.6033,105.98,71.1,78,27,10.18
229,Matagami,CA,2022-12-19 01:10:50,49.7502,-77.6328,26.71,93,100,6.91
230,Garissa,KE,2022-12-19 01:10:50,-0.4536,39.6401,75.69,78,37,8.59
231,Lorengau,PG,2022-12-19 01:10:51,-2.0226,147.2712,84.79,69,99,1.19
232,Nome,US,2022-12-19 01:10:51,64.5011,-165.4064,17.67,45,0,10.36
233,Atherton,GB,2022-12-19 01:10:25,53.5237,-2.4935,52.29,96,100,3.0
234,Batagay-Alyta,RU,2022-12-19 01:10:52,67.8006,130.4114,-15.97,97,100,2.77
235,Ponta Do Sol,PT,2022-12-19 01:00:05,32.6667,-17.1,70.0,87,100,8.75
236,Chuy,UY,2022-12-19 01:09:13,-33.6971,-53.4616,66.54,72,7,14.47
237,Nyuzen,JP,2022-12-19 01:10:53,36.9333,137.5,35.47,98,100,14.09
238,Myre,NO,2022-12-19 01:10:53,69.1036,15.9492,28.89,65,100,1.74
239,Derzhavinsk,KZ,2022-12-19 01:10:54,51.1,66.3167,17.24,87,87,15.05
240,Antofagasta,CL,2022-12-19 01:10:54,-23.65,-70.4,67.28,78,0,3.2
241,Sao Filipe,CV,2022-12-19 01:10:55,14.8961,-24.4956,75.7,69,18,8.77
242,Tura,IN,2022-12-19 01:10:55,25.5198,90.2201,58.59,81,84,2.64
243,Zhigansk,RU,2022-12-19 01:10:56,66.7697,123.3711,-19.88,91,100,9.48
244,Ponta Delgada,PT,2022-12-19 01:10:56,37.7333,-25.6667,64.51,88,75,20.71
245,Rusape,ZW,2022-12-19 01:10:57,-18.5278,32.1284,64.94,85,100,2.91
246,Kigoma,TZ,2022-12-19 01:10:57,-4.8769,29.6267,72.12,82,100,4.18
247,Hammerfest,NO,2022-12-19 01:10:58,70.6634,23.6821,25.25,74,40,10.36
248,Yar-Sale,RU,2022-12-19 01:10:58,66.8333,70.8333,-5.66,100,98,1.3
249,Dongsheng,CN,2022-12-19 01:10:59,39.8161,109.9776,14.85,38,0,6.29
250,Raudeberg,NO,2022-12-19 01:10:59,61.9875,5.1352,38.07,66,100,12.53
251,Agadez,NE,2022-12-19 01:11:00,19.75,10.25,62.38,27,86,10.92
252,Ribeira Grande,PT,2022-12-19 01:11:00,38.5167,-28.7,59.77,90,41,5.01
253,Ketchikan,US,2022-12-19 01:11:01,55.3422,-131.6461,19.87,32,0,3.44
254,Limbang,MY,2022-12-19 01:11:01,4.75,115.0,80.71,95,100,1.12
255,Longyearbyen,SJ,2022-12-19 01:02:01,78.2186,15.6401,8.44,85,75,8.05
256,Severnyy-Kospashskiy,RU,2022-12-19 01:11:02,59.0925,57.8008,23.61,88,100,4.43
257,Acapulco,MX,2022-12-19 01:08:15,16.8634,-99.8901,80.42,69,0,4.61
258,Aksu,CN,2022-12-19 01:11:03,41.1231,80.2644,17.44,56,0,3.4
259,Gallup,US,2022-12-19 01:11:04,35.5281,-108.7426,32.76,75,100,7.81
260,Teknaf,BD,2022-12-19 01:11:04,20.8624,92.3058,69.13,86,100,4.09
261,Dunedin,NZ,2022-12-19 01:11:05,-45.8742,170.5036,56.8,79,100,1.99
262,Owando,CG,2022-12-19 01:11:05,-0.4819,15.8999,71.04,90,92,2.19
263,Constitucion,CL,2022-12-19 01:11:06,-35.3333,-72.4167,54.99,91,0,10.8
264,Kibaya,TZ,2022-12-19 01:11:07,-5.3,36.5667,59.5,98,48,3.2
265,Artyom,AZ,2022-12-19 01:11:07,40.4723,50.333,50.14,95,4,12.93
266,Nishihara,JP,2022-12-19 01:03:17,26.1842,127.7558,60.08,51,75,13.8
267,Goure,NE,2022-12-19 01:11:08,13.9835,10.2704,66.18,25,100,7.18
268,Lekoni,GA,2022-12-19 01:11:08,-1.5843,14.2591,72.9,85,100,4.45
269,Chitral,PK,2022-12-19 01:11:09,35.8462,71.7858,39.83,51,97,7.4
270,Suffolk,US,2022-12-19 01:07:46,40.8668,-72.7996,37.31,64,0,11.5
271,Westport,US,2022-12-19 01:03:25,41.1415,-73.3579,36.55,65,0,10.36
272,Fortuna,US,2022-12-19 01:11:10,40.5982,-124.1573,45.66,85,0,8.05
273,Kahului,US,2022-12-19 01:03:16,20.8947,-156.47,69.84,96,100,1.99
274,Vila Franca Do Campo,PT,2022-12-19 01:11:11,37.7167,-25.4333,64.2,87,100,19.73
275,Margate,GB,2022-12-19 01:12:11,51.3813,1.3862,49.69,95,100,8.01
276,Ous,RU,2022-12-19 01:12:12,60.9058,61.5186,15.57,95,100,6.17
277,Los Llanos De Aridane,ES,2022-12-19 01:12:13,28.6585,-17.9182,62.35,72,0,6.91
278,Kastamonu,TR,2022-12-19 01:12:14,41.5,33.6667,42.91,93,100,5.84
279,Vimperk,CZ,2022-12-19 01:12:14,49.0586,13.7829,25.21,80,100,1.83
280,Dicabisagan,PH,2022-12-19 01:12:15,17.0818,122.4157,74.7,88,100,14.38
281,Port Hardy,CA,2022-12-19 01:03:30,50.6996,-127.4199,22.75,49,12,11.45
282,Romitan,UZ,2022-12-19 01:12:16,39.9343,64.3814,28.35,93,88,2.3
283,Port Lincoln,AU,2022-12-19 01:12:16,-34.7333,135.8667,73.26,50,100,14.74
284,Carnarvon,AU,2022-12-19 01:12:17,-24.8667,113.6333,82.78,46,4,8.63
285,Alofi,NU,2022-12-19 01:12:17,-19.0595,-169.9187,79.7,78,0,10.96
286,Kansanshi,ZM,2022-12-19 01:12:18,-12.0951,26.4273,61.54,97,100,3.76
287,Kurayoshi,JP,2022-12-19 01:12:19,35.4333,133.8167,36.36,73,89,19.6
288,Mercedes,AR,2022-12-19 01:08:13,-34.6515,-59.4307,72.79,57,95,13.24
289,Verkhoyansk,RU,2022-12-19 01:12:19,67.5447,133.385,-25.1,94,100,1.3
290,Hambantota,LK,2022-12-19 01:12:20,6.1241,81.1185,73.62,94,100,9.24
291,Marawi,PH,2022-12-19 01:12:20,7.9986,124.2928,75.47,78,95,2.8
292,Krosno Odrzanskie,PL,2022-12-19 01:12:21,52.0549,15.0988,19.65,72,100,6.08
293,Marondera,ZW,2022-12-19 01:12:22,-18.1853,31.5519,61.02,90,100,3.33
294,Kudahuvadhoo,MV,2022-12-19 01:12:22,2.6708,72.8944,81.12,71,49,7.45
295,Onega,RU,2022-12-19 01:12:23,63.9061,38.1404,5.18,98,89,6.96
296,Touros,BR,2022-12-19 01:12:24,-5.1989,-35.4608,78.31,74,4,14.38
297,Havoysund,NO,2022-12-19 01:12:24,70.9963,24.6622,26.83,84,100,7.43
298,Bengkulu,ID,2022-12-19 01:12:25,-3.8004,102.2655,79.18,72,93,4.18
299,Klaksvik,FO,2022-12-19 01:12:26,62.2266,-6.589,40.12,96,100,44.54
300,Humaita,BR,2022-12-19 01:10:17,-7.5061,-63.0208,79.74,79,100,3.15
301,San Carlos,VE,2022-12-19 01:12:26,9.6612,-68.5827,77.95,65,100,3.09
302,Tarko-Sale,RU,2022-12-19 01:12:27,64.9225,77.785,-3.68,100,96,0.96
303,Arraias,BR,2022-12-19 01:12:27,-12.9288,-46.9437,67.24,94,99,0.6
304,Aklavik,CA,2022-12-19 01:12:28,68.2191,-135.0107,-33.86,97,5,4.43
305,Kruisfontein,ZA,2022-12-19 01:12:28,-34.0033,24.7314,59.5,85,3,0.51
306,Aloleng,PH,2022-12-19 01:12:29,16.1307,119.7824,80.46,63,100,10.94
307,Kaeo,NZ,2022-12-19 01:12:30,-35.1,173.7833,77.32,68,1,7.7
308,Lebu,CL,2022-12-19 01:12:30,-37.6167,-73.65,55.83,88,11,12.71
309,Ust-Ishim,RU,2022-12-19 01:12:31,57.6935,71.1665,18.48,95,100,9.91
310,Nabire,ID,2022-12-19 01:12:31,-3.3667,135.4833,80.06,81,99,1.81
311,Sabha,LY,2022-12-19 01:12:32,27.0377,14.4283,59.27,49,4,10.29
312,Laguna,US,2022-12-19 01:12:32,38.421,-121.4238,44.78,96,100,5.75
313,Diamantino,BR,2022-12-19 01:12:33,-14.4086,-56.4461,72.55,96,100,2.82
314,Madona,LV,2022-12-19 01:12:33,56.8533,26.217,27.54,90,100,13.78
315,Valparaiso,CL,2022-12-19 01:12:34,-33.0393,-71.6273,63.48,100,75,4.61
316,Alice Springs,AU,2022-12-19 01:12:34,-23.7,133.8833,85.55,32,33,6.91
317,Pietersburg,ZA,2022-12-19 01:12:35,-23.9045,29.4688,66.18,81,98,9.66
318,Victoria Point,AU,2022-12-19 01:13:35,-27.5833,153.3,80.44,48,89,8.01
319,Salalah,OM,2022-12-19 01:13:36,17.0151,54.0924,78.89,31,0,20.71
320,Zhengjiatun,CN,2022-12-19 01:13:36,43.5064,123.5064,2.57,61,0,6.2
321,Nakhon Si Thammarat,TH,2022-12-19 01:10:19,8.25,100.0,75.65,84,100,10.6
322,Lompoc,US,2022-12-19 01:13:37,34.6391,-120.4579,55.85,83,0,5.75
323,Sola,VU,2022-12-19 01:13:37,-13.8833,167.55,81.75,59,6,4.7
324,Luderitz,NA,2022-12-19 01:13:38,-26.6481,15.1594,63.97,87,0,12.57
325,Lasa,IT,2022-12-19 01:13:39,46.6166,10.7002,27.01,46,99,2.35
326,Poum,NC,2022-12-19 01:13:39,-20.2333,164.0167,79.95,75,32,2.66
327,Padang,ID,2022-12-19 01:13:40,-0.9492,100.3543,80.53,69,60,3.22
328,Maragogi,BR,2022-12-19 01:12:16,-9.0122,-35.2225,76.86,77,16,7.25
329,Gwanda,ZW,2022-12-19 01:13:40,-20.9333,29.0,68.07,90,100,3.94
330,Campina Verde,BR,2022-12-19 01:13:41,-19.5356,-49.4864,71.17,85,96,3.74
331,San Francisco,US,2022-12-19 01:08:52,37.7749,-122.4194,52.18,73,20,8.05
332,Petrovsk-Zabaykalskiy,RU,2022-12-19 01:13:41,51.273,108.843,-4.04,98,100,4.07
333,Puerto Colombia,CO,2022-12-19 01:13:12,10.9878,-74.9547,78.89,84,57,18.68
334,Nouadhibou,MR,2022-12-19 01:13:42,20.931,-17.0347,67.84,69,0,13.13
335,Severo-Yeniseyskiy,RU,2022-12-19 01:13:43,60.3725,93.0408,-2.56,95,100,8.41
336,Haines Junction,CA,2022-12-19 01:13:44,60.7522,-137.5108,-30.62,100,94,0.69
337,Cervo,ES,2022-12-19 01:13:44,43.6702,-7.4101,63.97,65,99,13.49
338,Wiarton,CA,2022-12-19 01:13:45,44.7407,-81.1332,32.45,93,100,17.27
339,Zapolyarnyy,RU,2022-12-19 01:13:45,69.4154,30.8136,18.68,97,100,6.58
340,Naze,JP,2022-12-19 01:13:46,28.3667,129.4833,53.94,65,100,11.3
341,Genthin,DE,2022-12-19 01:13:46,52.4,12.1667,27.25,66,100,10.4
342,Namibe,AO,2022-12-19 01:13:47,-15.1961,12.1522,68.59,81,69,5.48
343,Tizimin,MX,2022-12-19 01:13:47,21.15,-88.15,75.45,75,83,7.23
344,Cap Malheureux,MU,2022-12-19 01:13:48,-19.9842,57.6142,76.46,69,25,5.01
345,Port Elizabeth,ZA,2022-12-19 01:13:01,-33.918,25.5701,63.32,93,0,1.43
346,Marathon,US,2022-12-19 01:13:48,44.9,-89.7668,10.35,85,100,9.22
347,Kyaikkami,MM,2022-12-19 01:13:49,16.08,97.5675,70.02,73,98,11.56
348,Redmond,US,2022-12-19 01:13:15,47.674,-122.1215,37.27,91,100,1.99
349,Tornio,FI,2022-12-19 01:13:50,65.8481,24.1466,19.42,89,100,6.51
350,Kashan,IR,2022-12-19 01:13:50,33.9831,51.4364,46.11,65,7,0.63
351,Muravlenko,RU,2022-12-19 01:13:51,63.7898,74.523,-6.11,98,17,6.49
352,Portland,US,2022-12-19 01:10:34,45.5234,-122.6762,43.81,87,100,5.99
353,Saint Marys,US,2022-12-19 01:13:51,30.7305,-81.5465,51.82,66,0,4.61
354,Methoni,GR,2022-12-19 01:13:52,36.8197,21.7049,60.22,82,72,4.21
355,Atyrau,KZ,2022-12-19 01:10:01,47.1167,51.8833,35.62,75,75,8.95
356,Cabedelo,BR,2022-12-19 01:13:53,-6.9811,-34.8339,79.47,66,5,10.74
357,Birjand,IR,2022-12-19 01:13:53,32.8663,59.2211,39.16,65,3,2.71
358,Soubre,CI,2022-12-19 01:13:54,5.7856,-6.6083,73.02,96,25,2.64
359,Prince Rupert,CA,2022-12-19 01:13:54,54.3161,-130.3201,15.12,57,0,7.7
360,Yulara,AU,2022-12-19 01:13:55,-25.2406,130.9889,82.96,29,100,1.59
361,Basoko,CD,2022-12-19 01:13:55,1.2391,23.616,69.49,90,100,2.13
362,Baruun-Urt,MN,2022-12-19 01:13:56,46.6806,113.2792,-5.89,97,22,5.44
363,Havre-Saint-Pierre,CA,2022-12-19 01:13:56,50.2334,-63.5986,35.96,87,100,19.57
364,Rassvet,RU,2022-12-19 01:14:57,46.8333,40.75,33.1,73,100,10.07
365,Peleduy,RU,2022-12-19 01:14:58,59.6289,112.7406,-14.6,98,100,1.5
366,Den Helder,NL,2022-12-19 01:14:58,52.9599,4.7593,36.01,98,100,25.01
367,Broken Hill,AU,2022-12-19 01:14:59,-31.95,141.4333,81.72,23,100,18.77
368,Pudozh,RU,2022-12-19 01:15:00,61.8099,36.5345,10.15,97,100,4.56
369,Santa Rosa,PH,2022-12-19 01:15:00,14.3122,121.1114,82.02,74,100,17.11
370,Road Town,VG,2022-12-19 01:15:01,18.4167,-64.6167,78.89,78,20,6.91
371,Vardo,NO,2022-12-19 01:15:01,70.3705,31.1107,24.78,80,100,13.8
372,Gat,IL,2022-12-19 01:15:01,31.61,34.7642,63.39,39,0,2.95
373,Saint Pete Beach,US,2022-12-19 01:15:02,27.7253,-82.7412,60.03,61,0,9.22
374,Salina,US,2022-12-19 01:15:03,38.8403,-97.6114,38.3,57,0,11.5
375,Rio Gallegos,AR,2022-12-19 01:10:44,-51.6226,-69.2181,57.25,67,0,11.5
376,Bang Saphan,TH,2022-12-19 01:15:04,11.2126,99.5117,73.83,66,50,16.04
377,Whitehorse,CA,2022-12-19 01:12:03,60.7161,-135.0538,-25.91,54,92,1.97
378,Ballina,AU,2022-12-19 01:15:05,-28.8667,153.5667,72.79,64,15,18.99
379,Hamilton,US,2022-12-19 01:15:05,39.1834,-84.5333,29.86,73,0,6.91
380,Kilindoni,TZ,2022-12-19 01:15:07,-7.9139,39.6668,81.37,77,34,14.27
381,Maraba,BR,2022-12-19 01:15:11,-5.3686,-49.1178,78.98,100,20,0.0
382,Lamballe,FR,2022-12-19 01:15:11,48.4676,-2.5144,55.81,91,100,1.01
383,Tarakan,ID,2022-12-19 01:15:12,3.3,117.6333,79.59,79,100,4.59
384,Funehiki,JP,2022-12-19 01:15:13,37.4333,140.5833,35.01,73,91,3.38
385,Qasigiannguit,GL,2022-12-19 01:15:13,68.8193,-51.1922,25.05,70,100,6.38
386,Oranjestad,AW,2022-12-19 01:15:14,12.524,-70.027,80.91,82,40,16.11
387,Saldanha,ZA,2022-12-19 01:15:15,-33.0117,17.9442,63.18,87,0,18.59
388,Berdigestyakh,RU,2022-12-19 01:15:15,62.0989,126.6992,-23.93,99,100,3.38
389,Cururupu,BR,2022-12-19 01:12:08,-1.8283,-44.8683,75.56,89,22,3.29
390,Panjab,AF,2022-12-19 01:15:17,34.388,67.0233,10.17,96,29,4.14
391,Ranaghat,IN,2022-12-19 01:15:17,23.1833,88.5833,60.57,67,99,5.17
392,Voh,NC,2022-12-19 01:15:18,-20.9667,164.7,83.55,69,63,4.9
393,Rocky Mountain House,CA,2022-12-19 01:15:19,52.3668,-114.9188,-7.04,96,100,7.47
394,Mahajanga,MG,2022-12-19 01:15:19,-15.7167,46.3167,77.02,88,20,4.61
395,Marzuq,YE,2022-12-19 01:15:20,14.4,46.4667,53.62,63,0,3.71
396,Yaan,NG,2022-12-19 01:15:21,7.3833,8.5667,77.2,18,100,5.23
397,Sangar,RU,2022-12-19 01:15:21,63.9242,127.4739,-28.5,96,100,5.12
398,Walvis Bay,NA,2022-12-19 01:15:22,-22.9575,14.5053,65.08,96,7,7.09
399,Loreto,MX,2022-12-19 01:15:22,22.2667,-101.9667,61.29,28,100,5.82
400,Morant Bay,JM,2022-12-19 01:15:23,17.8815,-76.4093,80.22,81,4,8.5
401,Nezhinskiy,RU,2022-12-19 01:15:24,43.9283,42.6856,37.49,78,100,1.32
402,Kamaishi,JP,2022-12-19 01:15:25,39.2667,141.8833,31.69,59,51,9.4
403,Bingol,TR,2022-12-19 01:15:25,38.8847,40.4939,40.48,48,54,5.12
404,Manaure,CO,2022-12-19 01:15:26,11.7751,-72.4445,78.55,77,84,17.74
405,San Jose,US,2022-12-19 01:14:08,37.3394,-121.895,54.86,68,20,5.75
406,Payyannur,IN,2022-12-19 01:15:27,12.1,75.2,73.63,79,100,3.96
407,Novoagansk,RU,2022-12-19 01:16:27,61.9449,76.6625,-5.98,99,19,5.75
408,Skibbereen,IE,2022-12-19 01:16:28,51.55,-9.2667,55.11,94,100,25.55
409,Khonsa,IN,2022-12-19 01:16:28,27.0167,95.5667,54.23,70,0,3.56
410,Te Anau,NZ,2022-12-19 01:16:29,-45.4167,167.7167,61.5,61,81,4.63
411,Saint-Georges,GD,2022-12-19 01:16:29,12.0564,-61.7485,78.48,78,20,14.97
412,Arlit,NE,2022-12-19 01:16:30,18.7369,7.3853,67.8,21,0,8.3
413,Atar,MR,2022-12-19 01:16:30,20.5169,-13.0499,69.76,25,0,8.32
414,San Lorenzo De El Escorial,ES,2022-12-19 01:16:31,40.5914,-4.1474,41.99,91,66,3.65
415,Xihe,CN,2022-12-19 01:16:32,31.6864,113.4659,37.47,36,0,6.06
416,Soure,BR,2022-12-19 01:16:32,-0.7167,-48.5233,78.64,85,64,9.69
417,Karratha,AU,2022-12-19 01:14:39,-20.7377,116.8463,80.74,61,6,9.42
418,Corrientes,AR,2022-12-19 01:16:33,-27.4806,-58.8341,79.99,52,0,4.61
419,Hobyo,SO,2022-12-19 01:16:34,5.3505,48.5268,77.43,72,72,17.0
420,Cristesti,RO,2022-12-19 01:16:34,46.5,24.4833,27.01,93,3,3.44
421,Japura,ID,2022-12-19 01:16:34,-0.3167,102.35,76.26,94,70,3.02
422,Marienburg,PL,2022-12-19 01:14:15,54.0359,19.0266,24.85,87,46,10.71
423,Horsham,GB,2022-12-19 01:16:36,51.064,-0.3272,52.88,94,75,17.27
424,Uvarovka,RU,2022-12-19 01:13:07,55.5278,35.6061,5.52,97,39,7.43
425,Vadlapudi,IN,2022-12-19 01:16:36,14.3167,79.8,69.03,79,100,4.61
426,Pakxe,LA,2022-12-19 01:16:37,15.1167,105.7833,62.13,71,63,4.5
427,Ouro Preto Do Oeste,BR,2022-12-19 01:16:26,-10.7481,-62.2158,72.28,94,100,3.36
428,Truth Or Consequences,US,2022-12-19 01:16:38,33.1284,-107.2528,35.83,75,0,3.44
429,Santa Marta,CO,2022-12-19 01:16:38,11.2408,-74.199,82.89,69,91,11.99
430,Colares,PT,2022-12-19 01:16:39,38.7992,-9.4469,62.33,93,100,20.0
431,Burlington,US,2022-12-19 01:15:08,39.8835,-74.6413,35.82,62,0,12.66
432,Anloga,GH,2022-12-19 01:16:39,5.7947,0.8973,80.69,81,25,7.23
433,Xingyi,CN,2022-12-19 01:16:40,24.1877,102.817,37.71,77,7,1.59
434,Birao,CF,2022-12-19 01:16:40,10.2849,22.7882,67.3,30,7,4.65
435,Vilhena,BR,2022-12-19 01:13:20,-12.7406,-60.1458,70.25,96,100,1.81
436,Puerto Del Rosario,ES,2022-12-19 01:15:10,28.5004,-13.8627,65.95,88,75,8.05
437,Ciro Marina,IT,2022-12-19 01:16:41,39.3732,17.126,55.09,77,4,18.5
438,Middle Island,US,2022-12-19 01:16:42,40.8843,-72.9373,36.93,64,0,10.36
439,Monrovia,LR,2022-12-19 01:16:42,6.3005,-10.7969,78.57,79,0,4.92
440,Nizhniy Tsasuchey,RU,2022-12-19 01:16:43,50.5167,115.1333,-15.43,99,78,1.43
441,Codrington,AU,2022-12-19 01:16:43,-38.2667,141.9667,70.99,47,0,9.62
442,Ostersund,SE,2022-12-19 01:16:44,63.1792,14.6357,25.25,74,21,6.91
443,Gao,ML,2022-12-19 01:16:44,16.6362,1.637,70.0,17,42,11.1
444,Esna,EG,2022-12-19 01:16:45,25.2934,32.554,67.15,41,2,6.02
445,Tonota,BW,2022-12-19 01:16:45,-21.4833,27.4833,69.48,83,100,6.04
446,Khipro,PK,2022-12-19 01:16:46,25.8285,69.3772,62.4,19,77,5.06
447,Ust-Omchug,RU,2022-12-19 01:16:46,61.15,149.6333,-12.21,97,100,4.99
448,Kiunga,PG,2022-12-19 01:16:47,-6.1219,141.2906,87.6,62,97,2.77
449,San Policarpo,PH,2022-12-19 01:16:48,12.1791,125.5072,80.87,83,100,16.17
450,Berbera,SO,2022-12-19 01:17:48,10.4396,45.0143,72.43,57,100,2.39
451,Surt,LY,2022-12-19 01:17:49,31.2089,16.5887,66.04,80,0,10.18
452,Bulaevo,KZ,2022-12-19 01:17:49,54.9056,70.4439,25.39,79,100,16.69
453,Weiser,US,2022-12-19 01:17:50,44.251,-116.9693,23.2,95,94,4.03
454,Luorong,CN,2022-12-19 01:17:50,24.4058,109.6086,49.21,25,46,2.35
455,Machalpur,IN,2022-12-19 01:17:51,24.1333,76.3,59.54,33,9,1.86
456,Sol-Iletsk,RU,2022-12-19 01:17:51,51.1631,54.9918,31.48,75,100,16.24
457,Ciudad Bolivar,VE,2022-12-19 01:17:52,8.1222,-63.5497,77.23,73,100,11.92
458,Playas,EC,2022-12-19 01:17:52,-2.6333,-80.3833,73.8,78,92,13.98
459,Daoukro,CI,2022-12-19 01:17:53,7.0591,-3.9631,71.89,84,0,2.89
460,Burgeo,CA,2022-12-19 01:17:53,47.6167,-57.6152,37.09,96,100,28.66
461,Dornoch,GB,2022-12-19 01:17:54,57.8805,-4.0288,42.78,92,100,4.79
462,Tavda,RU,2022-12-19 01:17:54,58.0425,65.2726,23.38,97,100,4.5
463,Santa Maria,BR,2022-12-19 01:17:55,-29.6842,-53.8069,67.06,83,1,9.26
464,Matadi,CD,2022-12-19 01:17:55,-5.8167,13.45,73.38,95,100,2.28
465,Chaozhou,CN,2022-12-19 01:17:56,23.6651,116.6379,51.66,48,2,3.44
466,Seoul,KR,2022-12-19 01:16:26,37.5683,126.9778,20.64,53,0,3.44
467,Coruripe,BR,2022-12-19 01:13:07,-10.1256,-36.1756,76.21,79,100,9.51
468,Soligalich,RU,2022-12-19 01:17:57,59.0778,42.2864,0.14,99,62,4.72
469,Agadir,MA,2022-12-19 01:15:58,30.4202,-9.5982,55.85,50,1,3.67
470,Rennes,FR,2022-12-19 01:17:58,48.1667,-1.6667,50.04,87,100,13.8
471,Mishan,CN,2022-12-19 01:17:58,45.55,131.8833,-2.74,69,21,8.19
472,Shunyi,CN,2022-12-19 01:17:59,40.125,116.6453,21.15,63,0,2.24
473,Mishelevka,RU,2022-12-19 01:17:59,52.8575,103.1719,6.08,96,100,3.33
474,Polican,AL,2022-12-19 01:18:00,40.6122,20.0981,49.48,87,23,2.15
475,Surgana,IN,2022-12-19 01:18:00,20.5667,73.6167,67.26,60,58,4.09
476,Norman Wells,CA,2022-12-19 01:18:01,65.282,-126.8329,-11.16,84,100,18.41
477,Sorong,ID,2022-12-19 01:18:02,-0.8833,131.25,78.44,85,100,9.17
478,Palmer,US,2022-12-19 01:14:53,42.1584,-72.3287,32.45,66,40,10.36
479,Mexico,PH,2022-12-19 01:18:03,15.0646,120.7198,82.11,77,100,6.73
480,Valleyview,CA,2022-12-19 01:18:04,55.0667,-117.2859,-18.36,83,100,4.61
481,Nago,JP,2022-12-19 01:18:05,26.5881,127.9761,61.23,68,100,11.59
482,Harnai,PK,2022-12-19 01:18:05,30.1005,67.9374,52.39,30,0,5.97
483,Zaragoza,ES,2022-12-19 01:18:06,41.6561,-0.8773,47.01,87,97,5.75
484,Talnakh,RU,2022-12-19 01:18:06,69.4865,88.3972,-12.8,99,100,1.19
485,Sivas,TR,2022-12-19 01:18:07,39.7916,37.0019,32.63,100,75,4.61
486,Bathsheba,BB,2022-12-19 01:18:07,13.2167,-59.5167,79.41,83,20,20.71
487,Okha,RU,2022-12-19 01:18:08,53.5739,142.9478,-2.69,91,100,14.07
488,Cortez,US,2022-12-19 01:18:08,37.3489,-108.5859,28.71,55,0,3.44
489,Eidfjord,NO,2022-12-19 01:18:09,60.4675,7.0719,28.6,88,100,7.9
490,Aykhal,RU,2022-12-19 01:18:09,66.0,111.5,-27.45,100,6,2.51
491,Mumford,GH,2022-12-19 01:18:10,5.2618,-0.759,79.14,86,5,5.5
492,Tanda,IN,2022-12-19 01:18:11,26.55,82.65,54.72,57,51,3.69
493,Leh,IN,2022-12-19 01:18:11,34.1667,77.5833,12.07,61,1,1.01
494,Caxito,AO,2022-12-19 01:19:12,-8.5785,13.6643,71.22,90,100,2.24
495,Kwinana,AU,2022-12-19 01:19:13,-32.25,115.7667,88.16,33,26,16.51
496,Achacachi,BO,2022-12-19 01:19:14,-16.05,-68.6833,46.98,81,100,6.69
497,Craig,US,2022-12-19 01:15:21,40.5153,-107.5464,4.62,78,0,0.0
498,Miguel Calmon,BR,2022-12-19 01:14:29,-11.4289,-40.595,71.38,87,99,4.03
499,Almaznyy,RU,2022-12-19 01:19:16,48.0448,40.045,27.55,72,72,12.53
500,Carutapera,BR,2022-12-19 01:19:17,-1.195,-46.02,78.24,82,99,6.89
501,Tokyo,JP,2022-12-19 01:16:13,35.6895,139.6917,46.63,28,20,9.22
502,Pangai,TO,2022-12-19 01:19:18,-19.8,-174.35,84.31,70,20,11.5
503,Ahuimanu,US,2022-12-19 01:19:18,21.4447,-157.8378,75.2,82,100,17.27
504,Yaring,TH,2022-12-19 01:19:19,6.8662,101.3689,77.61,85,100,18.07
505,Qaqortoq,GL,2022-12-19 01:19:19,60.7167,-46.0333,7.14,62,1,7.36
506,Ryotsu,JP,2022-12-19 01:19:20,38.0833,138.4333,33.42,89,100,7.18
507,Ahipara,NZ,2022-12-19 01:19:20,-35.1667,173.1667,71.82,55,1,5.7
508,San Vicente,AR,2022-12-19 01:19:21,-26.6167,-54.1333,62.78,96,49,2.55
509,Yarega,RU,2022-12-19 01:19:22,63.4354,53.5765,-2.0,99,100,6.53
510,Pierre,US,2022-12-19 01:19:23,44.3683,-100.351,1.85,82,100,7.0
511,Nandu,CN,2022-12-19 01:19:23,22.8525,110.8233,50.29,32,7,3.22
512,Lufilufi,WS,2022-12-19 01:19:24,-13.8745,-171.5986,89.38,78,100,16.46
513,Viedma,AR,2022-12-19 01:19:25,-40.8135,-62.9967,68.94,66,90,8.68
514,Chapais,CA,2022-12-19 01:19:25,49.7834,-74.8492,20.98,97,100,3.38
515,Igra,RU,2022-12-19 01:19:26,57.5558,53.0547,33.46,98,100,10.36
516,Nobres,BR,2022-12-19 01:19:27,-14.7203,-56.3275,72.81,95,100,1.95
517,Tyukalinsk,RU,2022-12-19 01:19:27,55.8732,72.1967,20.55,95,100,15.3
518,Turukhansk,RU,2022-12-19 01:19:28,65.8167,87.9833,-16.38,100,99,1.01
519,Yarmouth,US,2022-12-19 01:19:28,41.7057,-70.2286,37.96,67,0,24.0
520,Salinopolis,BR,2022-12-19 01:19:29,-0.6136,-47.3561,78.76,84,21,10.36
521,Manono,CD,2022-12-19 01:19:29,-7.3,27.4167,68.34,97,100,1.05
522,Knin,HR,2022-12-19 01:19:30,44.0439,16.2,37.47,73,1,5.14
523,Inhambane,MZ,2022-12-19 01:19:30,-23.865,35.3833,75.67,92,100,8.72
524,Ayolas,PY,2022-12-19 01:19:31,-27.4,-56.9,74.57,45,0,3.38
525,Tromso,NO,2022-12-19 01:17:37,69.6496,18.957,23.38,68,20,8.05
526,Mackay,AU,2022-12-19 01:19:32,-21.15,149.2,84.69,59,96,19.86
527,Russell,US,2022-12-19 01:19:32,32.3502,-85.1999,40.6,59,65,5.37
528,Chernyshevskiy,RU,2022-12-19 01:19:33,63.0128,112.4714,-47.52,100,95,0.38
529,Pilar,BR,2022-12-19 01:19:33,-9.5972,-35.9567,73.33,84,83,5.14
530,Port Macquarie,AU,2022-12-19 01:19:34,-31.4333,152.9167,71.89,48,5,18.28
531,Loughton,GB,2022-12-19 01:19:34,52.0304,-0.7864,51.1,96,100,5.99
532,Bereda,ES,2022-12-19 01:19:34,43.2686,-7.5406,56.14,73,88,11.86
533,Caohai,CN,2022-12-19 01:19:35,26.8661,104.2841,34.75,85,94,5.59
534,Show Low,US,2022-12-19 01:17:51,34.2542,-110.0298,35.89,85,40,6.91
535,Tazovskiy,RU,2022-12-19 01:19:36,67.4667,78.7,-12.35,99,52,4.14
536,Antsohihy,MG,2022-12-19 01:19:36,-14.8796,47.9875,74.41,93,19,1.3
537,Ngawen,ID,2022-12-19 01:19:37,-7.0032,111.3129,79.72,81,4,3.56
538,Salinas,US,2022-12-19 01:15:47,36.6777,-121.6555,54.97,71,0,6.91
539,Corpus Christi,US,2022-12-19 01:19:37,27.8006,-97.3964,64.4,78,100,17.27
540,Caldas Novas,BR,2022-12-19 01:19:38,-17.7417,-48.625,69.96,91,100,3.13
541,Mirebalais,HT,2022-12-19 01:20:39,18.8333,-72.1053,79.52,79,1,0.94
542,Bandarbeyla,SO,2022-12-19 01:20:39,9.4942,50.8122,74.43,59,2,15.95
543,Usogorsk,RU,2022-12-19 01:20:40,63.4106,48.6872,-13.05,100,100,2.8
544,Strezhevoy,RU,2022-12-19 01:20:40,60.7333,77.5889,-10.12,100,85,3.87
545,Aguimes,ES,2022-12-19 01:20:41,27.9054,-15.4461,59.67,79,0,5.75
546,Kailua,US,2022-12-19 01:20:41,21.4022,-157.7394,75.49,81,45,5.99
547,Wajid,SO,2022-12-19 01:20:42,3.8093,43.2471,71.51,35,47,11.36
548,Port Arthur,CN,2022-12-19 01:20:42,38.8,121.2667,21.42,55,58,7.29
549,General Roca,AR,2022-12-19 01:20:43,-39.0333,-67.5833,83.75,12,99,8.05
550,Mchinji,MW,2022-12-19 01:20:43,-13.7984,32.8802,64.83,86,100,2.66
551,Horta,PT,2022-12-19 01:20:44,38.5333,-28.6333,59.02,90,53,5.01
552,Det Udom,TH,2022-12-19 01:20:44,14.906,105.0784,62.42,71,53,11.07
553,Umm Kaddadah,SD,2022-12-19 01:20:45,13.6017,26.6876,65.84,35,0,12.62
554,Deer Lake,CA,2022-12-19 01:20:45,49.1667,-57.4316,35.46,100,100,18.41
555,Juazeiro,BR,2022-12-19 01:15:48,-9.4117,-40.4986,80.78,69,0,4.61
556,Stefan Cel Mare,RO,2022-12-19 01:20:46,46.9833,26.5167,27.75,69,34,5.99
557,Tabas,IR,2022-12-19 01:20:46,33.5959,56.9244,43.02,56,5,2.3
558,Esmeraldas,BR,2022-12-19 01:18:10,-19.7625,-44.3139,74.26,93,4,7.49
559,Zemio,CF,2022-12-19 01:20:47,5.0314,25.1361,73.62,40,51,1.05
560,Rafai,CF,2022-12-19 01:20:48,4.95,23.9167,76.44,40,100,0.98
561,Silvania,BR,2022-12-19 01:20:48,-16.6589,-48.6081,66.2,97,83,4.61
562,Panambi,BR,2022-12-19 01:20:49,-28.2925,-53.5017,65.44,88,100,11.59
563,Muriti,TZ,2022-12-19 01:20:49,-1.9833,32.9167,73.27,66,66,5.01
564,Hovd,MN,2022-12-19 01:20:50,48.0056,91.6419,1.02,80,100,2.24
565,Lourdes,FR,2022-12-19 01:20:50,43.1,-0.05,41.52,93,0,1.14
566,Malazgirt,TR,2022-12-19 01:20:51,39.1427,42.5401,31.08,61,9,2.06
567,Dhidhdhoo,MV,2022-12-19 01:20:51,6.8833,73.1,80.74,74,22,6.35
568,Houma,US,2022-12-19 01:20:52,29.5958,-90.7195,48.2,64,0,3.44
569,Mto Wa Mbu,TZ,2022-12-19 01:20:53,-3.35,35.85,69.26,80,38,3.31
570,Santa Rosa Del Sur,CO,2022-12-19 01:20:53,7.9644,-74.0544,69.71,86,97,2.59
571,Shenzhen,CN,2022-12-19 01:20:54,22.5455,114.0683,57.15,43,0,5.01
572,Asau,RO,2022-12-19 01:20:54,46.4333,26.4,24.28,84,62,2.01
573,Ulaangom,MN,2022-12-19 01:20:55,49.9811,92.0667,-12.93,93,100,1.19
574,Khorixas,NA,2022-12-19 01:20:55,-20.3667,14.9667,61.03,81,1,4.88
575,Khasan,RU,2022-12-19 01:20:56,42.4308,130.6434,10.42,48,0,17.87
576,Necochea,AR,2022-12-19 01:20:56,-38.5473,-58.7368,70.03,47,2,21.74
577,Waingapu,ID,2022-12-19 01:20:57,-9.6567,120.2641,83.19,67,100,2.98
578,Tilichiki,RU,2022-12-19 01:20:57,60.4667,166.1,33.8,90,100,30.78
579,Camden,US,2022-12-19 01:19:12,39.7835,-74.9663,35.19,63,9,3.0
580,Xichang,CN,2022-12-19 01:20:58,27.8964,102.2634,41.97,81,95,1.41
581,Faya,SA,2022-12-19 01:20:58,18.3851,42.4509,45.12,57,0,3.96
582,Wanxian,CN,2022-12-19 01:20:59,30.8039,108.3897,42.46,65,0,2.68
583,Pleven,BG,2022-12-19 01:20:59,43.4167,24.6167,36.86,70,100,5.55
584,Bougouni,ML,2022-12-19 01:21:00,11.417,-7.479,72.36,22,20,3.91
585,Lethem,GY,2022-12-19 01:21:00,3.3803,-59.7968,75.69,85,99,9.62
586,Atasu,KZ,2022-12-19 01:21:01,48.6814,71.6433,-0.2,92,52,2.89
587,Rodrigues Alves,BR,2022-12-19 01:21:01,-7.738,-72.6509,74.46,89,99,3.04
588,Sao Joao Da Barra,BR,2022-12-19 01:21:34,-21.6403,-41.0511,73.29,91,44,9.06
589,Abalak,RU,2022-12-19 01:22:02,58.1286,68.5944,20.3,95,100,8.7
590,Fort Nelson,CA,2022-12-19 01:22:03,58.8053,-122.7002,-25.06,80,20,2.3
591,Visby,SE,2022-12-19 01:22:03,57.6409,18.296,35.06,71,60,18.32
592,Stornoway,GB,2022-12-19 01:22:03,58.2093,-6.3865,49.03,89,100,10.36
593,Mahibadhoo,MV,2022-12-19 01:22:04,3.7833,72.9667,80.83,70,28,5.68
594,Panguna,PG,2022-12-19 01:22:04,-6.3164,155.4848,78.75,74,100,2.68
595,Nemuro,JP,2022-12-19 01:22:05,43.3236,145.575,22.41,56,0,19.66
596,Tacna,PE,2022-12-19 01:22:06,-18.0056,-70.2483,68.2,56,0,5.75
597,Tungor,RU,2022-12-19 01:22:06,53.3808,142.9564,-3.35,93,100,10.98
598,Adana,TR,2022-12-19 01:22:07,36.985,35.2881,52.32,100,0,6.91
599,Oksfjord,NO,2022-12-19 01:22:07,70.2396,22.3479,26.78,82,100,2.82
600,Mayo,US,2022-12-19 01:22:08,38.8876,-76.5119,36.09,57,0,17.27
601,Marang,MY,2022-12-19 01:20:55,5.2056,103.2059,77.97,87,100,17.98
602,Micasasa,RO,2022-12-19 01:22:08,46.0833,24.1167,27.37,75,0,2.1
603,Sembakung,ID,2022-12-19 01:22:09,3.8167,117.25,79.9,84,96,0.92
604,Rawson,AR,2022-12-19 01:22:09,-43.3002,-65.1023,60.84,69,43,15.37
605,Mandera,KE,2022-12-19 01:22:10,3.9366,41.867,76.62,31,98,9.55
606,Wanaka,NZ,2022-12-19 01:22:10,-44.7,169.15,61.2,69,100,2.66
607,Alekseyevka,RU,2022-12-19 01:22:11,50.6309,38.6903,27.5,78,100,14.18
608,Belaya Gora,RU,2022-12-19 01:22:11,68.5333,146.4167,-7.92,99,100,1.97
609,College,US,2022-12-19 01:22:12,64.8569,-147.8028,-27.45,67,0,0.0
610,Pangody,RU,2022-12-19 01:22:12,65.85,74.4859,-7.73,100,98,4.29
611,Kabo,CF,2022-12-19 01:22:13,7.6994,18.629,71.37,24,27,4.9
612,Aksarayskiy,RU,2022-12-19 01:22:13,46.7924,48.0119,38.68,98,100,7.67
613,Chkalovsk,RU,2022-12-19 01:22:14,56.7647,43.2433,12.94,87,100,14.72
614,Xining,CN,2022-12-19 01:22:14,36.6167,101.7667,11.12,64,35,0.92
615,Coquimbo,CL,2022-12-19 01:22:15,-29.9533,-71.3436,60.53,88,20,8.05
616,Oktyabrskiy,RU,2022-12-19 01:22:15,54.4815,53.471,33.87,97,100,14.14
617,Parkersburg,US,2022-12-19 01:22:16,39.2667,-81.5615,30.52,69,100,8.01
618,Kuragino,RU,2022-12-19 01:22:16,53.8975,92.6725,-1.17,97,100,2.39
619,Plettenberg Bay,ZA,2022-12-19 01:22:17,-34.0527,23.3716,63.48,85,61,1.59
620,Bilma,NE,2022-12-19 01:22:17,18.6853,12.9164,67.98,23,100,8.39
621,Broome,US,2022-12-19 01:22:18,42.2506,-75.833,29.19,80,100,14.97
622,Lalganj,IN,2022-12-19 01:22:18,25.8667,85.1833,57.15,55,98,5.55
623,Saint-Joseph,RE,2022-12-19 01:22:19,-21.3667,55.6167,73.78,81,41,10.63
624,Chichibu,JP,2022-12-19 01:22:19,35.9903,139.0764,43.57,42,0,1.99
625,Linxia,CN,2022-12-19 01:22:20,35.6003,103.2064,15.31,75,100,2.24
626,Honiara,SB,2022-12-19 01:22:21,-9.4333,159.95,87.55,63,27,5.73
627,Opuwo,NA,2022-12-19 01:22:21,-18.0607,13.84,63.75,45,5,5.3
628,Vila,PT,2022-12-19 01:22:22,42.0304,-8.1588,49.69,75,100,8.61
629,Ca Mau,VN,2022-12-19 01:22:22,9.1769,105.15,70.77,75,35,10.83
630,Brighton,GB,2022-12-19 01:22:23,50.8284,-0.1395,52.93,95,100,27.0
631,Zacamulpa,MX,2022-12-19 01:22:23,19.3564,-99.3333,60.13,57,49,4.81
632,Champerico,GT,2022-12-19 01:22:24,14.3,-91.9167,79.75,74,0,2.24
633,Zavetnoye,RU,2022-12-19 01:22:24,47.1194,43.8903,38.66,87,100,10.58
634,Suntar,RU,2022-12-19 01:22:25,62.1444,117.6319,-47.51,100,65,3.02
635,Namatanai,PG,2022-12-19 01:22:25,-3.6667,152.4333,84.13,69,100,1.72
636,Tezu,IN,2022-12-19 01:22:26,27.9167,96.1667,60.33,55,0,3.49
637,Sawakin,SD,2022-12-19 01:23:26,19.1059,37.3321,75.67,77,13,7.07
638,Port Keats,AU,2022-12-19 01:23:27,-14.25,129.55,86.32,58,53,8.08
639,Northam,GB,2022-12-19 01:23:27,51.0333,-4.2167,57.38,97,100,24.92
640,Bato,PH,2022-12-19 01:23:28,13.3528,123.3677,77.83,87,98,7.38
641,Petatlan,MX,2022-12-19 01:23:29,17.5167,-101.2667,80.4,78,100,2.55
642,Minsk,BY,2022-12-19 01:23:30,53.9,27.5667,10.15,99,99,8.97
643,Helena,US,2022-12-19 01:21:29,46.5927,-112.0361,0.32,73,0,10.36
644,Ngunguru,NZ,2022-12-19 01:23:30,-35.6167,174.5,67.78,74,10,12.71
645,Mao,ES,2022-12-19 01:23:31,39.8885,4.2658,59.56,88,40,8.05
646,Tikapur,NP,2022-12-19 01:23:31,28.5,81.1333,54.72,67,0,2.93
647,Jiayuguan,CN,2022-12-19 01:23:32,39.8167,98.3,11.53,67,77,11.14
648,Ola,RU,2022-12-19 01:23:32,59.5833,151.2833,-1.86,87,1,7.52
649,Dongkan,CN,2022-12-19 01:23:33,33.9997,119.8308,34.77,40,0,5.7
650,Gobabis,NA,2022-12-19 01:23:33,-22.45,18.9667,70.77,43,0,15.17
651,Aduturai,IN,2022-12-19 01:23:34,11.0147,79.4791,68.9,86,84,8.99
652,Sept-Iles,CA,2022-12-19 01:20:21,50.2001,-66.3821,32.52,80,100,6.91
653,Alta,NO,2022-12-19 01:23:35,69.9689,23.2717,18.66,80,100,4.61
654,Tigil,RU,2022-12-19 01:23:35,57.8,158.6667,15.91,95,100,0.92
655,Soavinandriana,MG,2022-12-19 01:23:36,-19.1667,46.7333,59.79,88,97,3.38
656,Lucapa,AO,2022-12-19 01:23:36,-8.4192,20.7447,65.23,96,100,2.19
657,Abu Dhabi,AE,2022-12-19 01:23:37,24.4667,54.3667,71.96,73,0,1.14
658,Imst,AT,2022-12-19 01:23:37,47.2684,10.6698,23.88,62,100,6.82
659,Yumen,CN,2022-12-19 01:23:38,40.2833,97.2,15.24,58,100,26.73
660,Boguchany,RU,2022-12-19 01:23:38,58.3814,97.4531,2.53,93,100,8.52
661,San Martin,AR,2022-12-19 01:23:39,-33.081,-68.4681,77.54,26,1,11.48
662,Beloha,MG,2022-12-19 01:23:39,-25.1667,45.05,72.99,84,87,6.22
663,Port-Gentil,GA,2022-12-19 01:23:40,-0.7193,8.7815,78.6,82,99,3.87
664,Annan,GB,2022-12-19 01:23:40,54.9884,-3.2565,41.59,96,100,9.13
665,Algeciras,ES,2022-12-19 01:23:41,36.1333,-5.4505,60.48,88,100,20.71
666,Parkes,AU,2022-12-19 01:23:41,-33.1333,148.1833,78.35,23,0,3.0
667,Beira,MZ,2022-12-19 01:23:42,-19.8436,34.8389,75.29,100,75,3.44
668,Vrangel,RU,2022-12-19 01:23:42,42.7297,133.0839,5.94,62,0,12.12
669,Puerto Baquerizo Moreno,EC,2022-12-19 01:23:43,-0.9,-89.6,70.56,86,42,8.39
670,Nosy Varika,MG,2022-12-19 01:23:44,-20.5833,48.5333,75.87,88,57,7.54
671,Svilengrad,BG,2022-12-19 01:23:44,41.7667,26.2,40.17,75,100,10.51
672,Ancud,CL,2022-12-19 01:23:45,-41.8697,-73.8203,53.98,70,100,5.39
673,Yeppoon,AU,2022-12-19 01:23:45,-23.1333,150.7333,80.38,57,50,20.09
674,Doha,QA,2022-12-19 01:23:22,25.2867,51.5333,66.18,72,0,10.36
675,Batouri,CM,2022-12-19 01:23:46,4.4333,14.3667,68.63,51,70,2.64
676,Ust-Kulom,RU,2022-12-19 01:23:46,61.6864,53.6902,10.18,92,100,7.11
677,Maniitsoq,GL,2022-12-19 01:23:47,65.4167,-52.9,21.65,53,66,4.94
678,Altay,CN,2022-12-19 01:23:47,47.8667,88.1167,1.72,79,100,3.36
679,Gboko,NG,2022-12-19 01:23:48,7.3179,8.9951,76.57,18,100,7.23
680,Moron,AR,2022-12-19 01:22:00,-34.6534,-58.6198,73.98,70,54,10.6
681,Sharjah,AE,2022-12-19 01:22:20,25.3573,55.4033,67.98,77,0,4.61
682,Saint-Ambroise,CA,2022-12-19 01:21:12,48.5501,-71.3324,29.57,98,100,1.5
683,Aksay,RU,2022-12-19 01:24:49,47.26,39.87,32.25,66,98,8.99
684,Kawhia,NZ,2022-12-19 01:24:50,-38.0651,174.8183,77.5,66,0,7.72
685,Otane,NZ,2022-12-19 01:24:50,-39.8833,176.6333,68.02,76,91,4.79
686,Lunglei,IN,2022-12-19 01:24:51,22.8833,92.7333,59.13,83,94,1.97
687,Siukh,RU,2022-12-19 01:24:51,42.5999,46.5446,34.0,40,72,4.74
688,Doctor Phillips,US,2022-12-19 01:24:52,28.4495,-81.4923,55.4,60,20,8.05
689,Teguise,ES,2022-12-19 01:24:52,29.0605,-13.564,61.02,88,20,8.05
690,Riyadh,SA,2022-12-19 01:20:01,24.6877,46.7219,53.74,52,0,5.93
691,Sechura,PE,2022-12-19 01:24:53,-5.5569,-80.8222,71.28,77,100,10.29
692,Magnolia,US,2022-12-19 01:24:24,33.2671,-93.2393,33.49,61,100,4.94
693,Armidale,AU,2022-12-19 01:24:54,-30.5167,151.65,66.99,31,0,8.03
694,Boa Vista,BR,2022-12-19 01:24:54,2.8197,-60.6733,78.78,73,40,9.22
695,Takoradi,GH,2022-12-19 01:24:55,4.8845,-1.7554,79.25,82,13,5.75
696,Cangucu,BR,2022-12-19 01:24:55,-31.395,-52.6756,63.03,81,100,11.92
697,Kaili,ID,2022-12-19 01:24:56,-3.4626,120.2147,74.77,76,100,1.72
698,Coahuayana,MX,2022-12-19 01:24:56,18.7333,-103.6833,70.92,85,17,1.3
699,Salaga,GH,2022-12-19 01:24:57,8.5508,-0.5188,78.8,20,0,5.59
700,Cocobeach,GA,2022-12-19 01:24:57,1.0002,9.5823,78.51,82,100,1.86
701,Anderson,US,2022-12-19 01:22:15,34.5334,-82.6499,40.08,73,0,3.44
702,Bay City,US,2022-12-19 01:24:43,43.5945,-83.8889,28.51,82,100,16.11
703,Krasnoselkup,RU,2022-12-19 01:24:58,65.7,82.4667,-15.57,100,82,5.35
704,Samarinda,ID,2022-12-19 01:21:04,-0.5,117.15,78.48,86,100,2.53
705,Stokmarknes,NO,2022-12-19 01:24:59,68.5646,14.9108,30.18,80,100,6.91
706,Maniago,IT,2022-12-19 01:24:59,46.1706,12.7078,33.8,88,19,2.51
707,Bosaso,SO,2022-12-19 01:25:00,11.2842,49.1816,71.87,70,90,0.78
708,Innisfail,AU,2022-12-19 01:25:00,-17.5333,146.0333,82.08,71,59,12.19
709,Sayat,TM,2022-12-19 01:25:01,38.7839,63.8803,24.67,52,15,4.5
710,Port Antonio,JM,2022-12-19 01:25:01,18.18,-76.4612,80.51,80,9,5.08
711,Treinta Y Tres,UY,2022-12-19 01:25:02,-33.2333,-54.3833,64.94,72,7,12.41
712,Deniliquin,AU,2022-12-19 01:25:03,-35.5333,144.9667,76.26,28,0,7.81
713,Genhe,CN,2022-12-19 01:25:03,50.7833,121.5167,-32.15,97,48,2.42
714,Mogadishu,SO,2022-12-19 01:25:04,2.0371,45.3438,77.11,76,58,17.74
715,Nigel,ZA,2022-12-19 01:25:04,-26.4314,28.4771,66.38,68,89,5.93
716,Anadyr,RU,2022-12-19 01:25:05,64.75,177.4833,27.1,86,100,35.79
717,Juba,SS,2022-12-19 01:25:05,4.8517,31.5825,76.1,52,52,0.13
718,Poddorye,RU,2022-12-19 01:25:06,57.4695,31.1156,26.17,91,100,11.77
719,Bose,IT,2022-12-19 01:25:06,45.4612,8.0137,37.74,78,100,4.83
720,Lucea,JM,2022-12-19 01:25:07,18.451,-78.1736,78.66,79,45,10.22
721,Najran,SA,2022-12-19 01:25:08,17.4924,44.1277,52.45,72,0,2.68
722,Nsoko,SZ,2022-12-19 01:25:08,-27.0333,31.95,65.46,88,59,4.09
723,San Ignacio,BZ,2022-12-19 01:25:09,17.1561,-89.0714,75.34,94,75,4.61
724,Caluquembe,AO,2022-12-19 01:25:09,-13.7833,14.6833,59.29,72,100,6.04
725,Barreirinhas,BR,2022-12-19 01:25:10,-2.7469,-42.8264,78.94,79,72,10.11
726,Giaveno,IT,2022-12-19 01:25:10,45.047,7.3492,35.78,84,100,5.32
727,Baghdad,IQ,2022-12-19 01:21:40,33.3406,44.4009,48.11,81,0,8.05
728,Dalbandin,PK,2022-12-19 01:25:11,28.8947,64.4101,46.53,44,0,6.93
729,Quatre Cocos,MU,2022-12-19 01:25:11,-20.2078,57.7625,77.11,79,61,12.75
730,Praya,CV,2022-12-19 01:25:12,14.9215,-23.5087,75.74,64,0,13.8
731,Sarkand,KZ,2022-12-19 01:26:12,45.41,79.9186,16.83,67,2,6.22
732,Sao Borja,BR,2022-12-19 01:26:13,-28.6606,-56.0044,74.95,53,77,15.32
733,Filingue,NE,2022-12-19 01:22:07,14.3521,3.3168,69.98,20,69,8.48
734,Seybaplaya,MX,2022-12-19 01:26:14,19.65,-90.6667,72.86,82,31,7.0
735,Etaples,FR,2022-12-19 01:26:14,50.5219,1.6332,44.17,100,100,11.5
736,Honningsvag,NO,2022-12-19 01:26:15,70.9821,25.9704,26.35,86,100,16.11
737,Zyryanka,RU,2022-12-19 01:26:15,65.75,150.85,-9.92,99,100,9.48
738,Itoman,JP,2022-12-19 01:26:16,26.1247,127.6694,62.62,48,75,13.8
739,Santa Isabel Do Rio Negro,BR,2022-12-19 01:26:16,-0.4139,-65.0192,76.5,90,100,2.39
740,Dhangadhi,NP,2022-12-19 01:26:17,28.7079,80.5961,55.22,73,1,2.19
741,Bolobo,CD,2022-12-19 01:26:17,-2.1667,16.2333,71.13,92,100,1.68
742,Sumter,US,2022-12-19 01:26:18,28.7086,-82.0831,57.94,68,12,6.78
743,Grand Gaube,MU,2022-12-19 01:26:19,-20.0064,57.6608,77.4,69,28,5.01
744,Acari,PE,2022-12-19 01:26:19,-15.4311,-74.6158,73.24,75,90,3.65
745,Daman,IN,2022-12-19 01:26:20,20.4167,72.85,74.46,59,81,8.88
746,Coihaique,CL,2022-12-19 01:26:20,-45.5752,-72.0662,54.21,71,31,1.14
747,Smolenka,RU,2022-12-19 01:26:21,52.1352,113.4974,-18.33,76,20,2.24
748,Tabuk,PH,2022-12-19 01:26:22,17.4189,121.4443,69.08,90,100,7.43
749,Waipawa,NZ,2022-12-19 01:26:22,-41.4122,175.5153,60.28,77,83,5.88
750,Morrope,PE,2022-12-19 01:26:24,-6.5417,-80.0111,70.79,77,74,11.86
751,Tayshet,RU,2022-12-19 01:26:24,55.9342,98.0044,7.72,90,100,12.93
752,Limerick,IE,2022-12-19 01:26:25,52.6647,-8.6231,57.07,90,100,19.6
753,Krasnyy Yar,RU,2022-12-19 01:26:26,46.5331,48.3456,40.93,99,100,6.58
754,Wajima,JP,2022-12-19 01:26:26,37.4,136.9,32.68,100,100,1.14
755,Port Blair,IN,2022-12-19 01:26:27,11.6667,92.75,80.64,69,40,8.05
756,Mae Sai,TH,2022-12-19 01:26:27,20.4335,99.8762,58.14,69,99,1.14
757,Banjar,ID,2022-12-19 01:26:28,-8.19,114.9675,84.61,65,29,1.88
758,Vostok,RU,2022-12-19 01:26:28,46.4856,135.8833,-9.06,90,100,5.35
759,Lyuban,BY,2022-12-19 01:26:29,52.7985,28.0048,1.09,99,66,6.51
760,Binzhou,CN,2022-12-19 01:26:29,37.3667,118.0167,28.51,27,0,5.3
761,Ranapur,IN,2022-12-19 01:26:29,22.65,74.5333,65.77,32,70,4.18
762,Santa Cruz,BO,2022-12-19 01:26:30,-17.8,-63.1667,71.06,83,75,16.11
763,Beyneu,KZ,2022-12-19 01:26:30,45.3167,55.2,32.61,49,10,11.3
764,Sherbakul,RU,2022-12-19 01:26:31,54.6316,72.3963,20.37,90,100,13.76
765,Puerto Escondido,MX,2022-12-19 01:26:31,15.85,-97.0667,81.43,69,40,5.75
766,Soyo,AO,2022-12-19 01:26:32,-6.1349,12.3689,76.77,80,98,5.32
767,Mandalgovi,MN,2022-12-19 01:26:33,45.7625,106.2708,5.32,57,0,4.23
768,Comodoro Rivadavia,AR,2022-12-19 01:26:33,-45.8667,-67.5,66.06,24,0,6.91
769,Carauari,BR,2022-12-19 01:26:34,-4.8828,-66.8958,73.98,97,100,2.84
770,Tambura,SS,2022-12-19 01:26:34,5.6,27.4667,74.39,38,81,2.44
771,Puerto Madryn,AR,2022-12-19 01:26:35,-42.7692,-65.0385,61.48,68,25,19.57
772,Berezovyy,RU,2022-12-19 01:26:35,51.6667,135.7,-4.18,95,94,1.61
773,Mosquera,CO,2022-12-19 01:26:36,4.7059,-74.2302,51.89,100,75,2.3
774,Areia Branca,BR,2022-12-19 01:26:36,-4.9561,-37.1369,80.8,73,53,18.19
775,Namtsy,RU,2022-12-19 01:26:37,62.7161,129.6658,-30.71,97,100,2.51
776,Vuktyl,RU,2022-12-19 01:26:37,63.8567,57.3094,6.1,91,100,4.94
777,Ratnagiri,IN,2022-12-19 01:26:38,16.9833,73.3,75.33,59,100,6.82
778,Praxedis Guerrero,MX,2022-12-19 01:27:38,31.3667,-106.0167,44.64,32,1,7.81
779,Honavar,IN,2022-12-19 01:27:39,14.2833,74.45,72.05,71,17,7.92
780,Falmouth,GB,2022-12-19 01:27:39,50.1544,-5.0711,58.1,100,100,21.85
781,Hede,CN,2022-12-19 01:27:40,33.7681,120.2517,36.0,41,0,6.55
782,Tayu,ID,2022-12-19 01:27:40,-6.5397,111.0518,81.23,78,10,3.02
783,Phuket,TH,2022-12-19 01:27:41,8.0,98.25,82.13,76,40,11.5
784,Konotop,UA,2022-12-19 01:27:41,51.2403,33.2026,18.55,86,79,11.23
785,Nkongsamba,CM,2022-12-19 01:27:42,4.9547,9.9404,66.02,82,7,2.15
786,Hualmay,PE,2022-12-19 01:27:43,-11.0964,-77.6139,69.4,83,76,6.62
787,Ambilobe,MG,2022-12-19 01:27:43,-13.2,49.05,73.31,87,87,2.04
788,Koumac,NC,2022-12-19 01:27:44,-20.5667,164.2833,81.99,71,60,4.83
789,Sabang,ID,2022-12-19 01:27:44,5.8933,95.3214,78.57,84,100,20.02
790,Eureka,US,2022-12-19 01:22:58,40.8021,-124.1637,45.93,87,5,3.0
791,Vershino-Darasunskiy,RU,2022-12-19 01:27:45,52.35,115.5167,-19.44,97,84,2.48
792,Fuling,CN,2022-12-19 01:27:45,29.7022,107.3919,43.18,63,3,1.23
793,Bogotol,RU,2022-12-19 01:27:46,56.2078,89.5342,3.11,90,100,18.97
794,Nang Rong,TH,2022-12-19 01:27:46,14.6377,102.7914,57.96,65,46,12.8
795,Pansemal,IN,2022-12-19 01:27:47,21.65,74.7,69.8,33,95,3.67
796,Hudson Bay,CA,2022-12-19 01:27:47,52.85,-102.3842,-5.28,93,100,9.89
797,Semporna,MY,2022-12-19 01:27:48,4.4818,118.6112,78.31,89,100,7.7
798,Pemangkat,ID,2022-12-19 01:27:48,1.1667,108.9667,79.2,83,57,5.5
799,Pringsewu,ID,2022-12-19 01:27:49,-5.3582,104.9744,79.29,83,75,2.68
800,Brae,GB,2022-12-19 01:27:49,60.3964,-1.353,42.28,92,100,28.88
801,Taltal,CL,2022-12-19 01:27:50,-25.4,-70.4833,67.17,80,0,4.07
802,Srbobran,RS,2022-12-19 01:27:50,45.5539,19.8028,30.38,73,62,5.17
803,Kabwe,ZM,2022-12-19 01:27:51,-14.4469,28.4464,64.31,92,100,4.7
804,Puerto Ayacucho,VE,2022-12-19 01:27:51,5.6639,-67.6236,77.23,79,77,7.47
805,Massaguet,TD,2022-12-19 01:27:52,12.4755,15.4365,70.09,20,100,8.63
806,Ayorou,NE,2022-12-19 01:27:52,14.7308,0.9174,71.46,18,37,10.74
807,Am Timan,TD,2022-12-19 01:27:53,11.0297,20.2827,72.25,22,14,7.16
808,Henties Bay,NA,2022-12-19 01:27:53,-22.116,14.2845,61.34,96,29,3.33
809,Callaway,US,2022-12-19 01:27:54,30.153,-85.5699,49.91,54,0,4.61
810,Moose Factory,CA,2022-12-19 01:27:54,51.2585,-80.6094,26.58,93,100,4.61
811,Chanute,US,2022-12-19 01:27:55,37.6792,-95.4572,38.88,64,0,6.91
812,Store Heddinge,DK,2022-12-19 01:27:56,55.3097,12.3889,31.68,65,100,22.79
813,Tsushima,JP,2022-12-19 01:27:56,35.1667,136.7167,44.17,41,5,9.06
814,Kpandu,GH,2022-12-19 01:27:56,6.9954,0.2931,79.39,75,57,6.02
815,Puerto Penasco,MX,2022-12-19 01:27:57,31.3167,-113.5333,60.35,29,22,1.05
816,Suclayin,PH,2022-12-19 01:27:57,15.7568,121.5503,73.22,88,100,3.89
817,Bukama,CD,2022-12-19 01:27:58,-9.2,25.85,69.4,97,100,0.63
818,Shache,CN,2022-12-19 01:27:58,38.4167,77.2406,20.8,49,100,5.32
819,Thinadhoo,MV,2022-12-19 01:27:59,0.5333,72.9333,80.87,74,19,9.17
820,La Sarre,CA,2022-12-19 01:28:00,48.8002,-79.1996,18.84,98,88,3.51
821,Big Rapids,US,2022-12-19 01:28:00,43.6981,-85.4837,23.09,88,100,11.5
822,Lasem,ID,2022-12-19 01:28:01,-6.6922,111.4527,81.05,78,19,4.09
823,Kasane,BW,2022-12-19 01:28:01,-17.8167,25.15,65.77,90,100,2.39
824,Malindi,KE,2022-12-19 01:29:02,-3.2175,40.1191,77.68,84,94,10.47
825,Frontino,CO,2022-12-19 01:29:02,6.7801,-76.1288,62.87,98,100,1.07
826,Candolim,IN,2022-12-19 01:29:03,15.5181,73.7626,75.2,69,20,9.22
827,Lulea,SE,2022-12-19 01:29:04,65.5842,22.1547,10.47,92,98,3.44
828,Coos Bay,US,2022-12-19 01:29:05,43.3665,-124.2179,46.38,76,100,4.61
829,Clarence Town,AU,2022-12-19 01:29:06,-32.5833,151.7833,71.15,47,50,11.95
830,Ayan,RU,2022-12-19 01:29:06,56.45,138.1667,-9.22,78,100,15.3
831,Nampula,MZ,2022-12-19 01:25:18,-15.1165,39.2666,76.95,78,75,11.5
832,Wukari,NG,2022-12-19 01:29:07,7.85,9.7833,72.45,20,100,5.23
833,Laela,TZ,2022-12-19 01:29:07,-8.5667,32.05,60.48,93,100,2.62
834,Casper,US,2022-12-19 01:29:08,42.8666,-106.3131,11.71,75,0,11.5
835,Dubti,ET,2022-12-19 01:29:08,11.7361,41.0853,72.12,49,13,6.73
836,Trinidad,BO,2022-12-19 01:28:07,-14.8333,-64.9,74.93,90,100,4.52
837,Saint-Augustin,CA,2022-12-19 01:29:09,51.226,-58.6502,34.38,87,100,22.84
838,Vila Do Maio,CV,2022-12-19 01:29:10,15.1333,-23.2167,75.99,75,3,15.05
839,Victor Harbor,AU,2022-12-19 01:29:10,-35.5667,138.6167,87.67,53,13,12.93
840,Mitsamiouli,KM,2022-12-19 01:29:11,-11.3847,43.2844,80.38,80,14,12.93
841,Charters Towers,AU,2022-12-19 01:29:11,-20.1,146.2667,82.78,46,89,15.99
842,Cayenne,GF,2022-12-19 01:29:12,4.9333,-52.3333,78.84,78,75,8.05
843,Mattru,SL,2022-12-19 01:29:12,7.6244,-11.8332,75.45,88,92,2.19
844,Mongoumba,CF,2022-12-19 01:29:13,3.6415,18.5936,71.96,67,50,3.36
845,Rovinj,HR,2022-12-19 01:29:14,45.08,13.64,35.29,71,6,4.47
846,Bowen,AU,2022-12-19 01:29:14,-20.0167,148.2333,81.21,58,96,20.31
847,Yenagoa,NG,2022-12-19 01:29:15,4.9247,6.2642,76.5,86,6,3.49
848,Taoudenni,ML,2022-12-19 01:29:15,22.6783,-3.9836,67.75,26,0,12.35
849,Novyy Urengoy,RU,2022-12-19 01:29:16,66.0833,76.6333,-6.12,100,88,1.95
850,Wronki,PL,2022-12-19 01:29:16,52.7105,16.3804,20.28,67,100,9.53
851,Jurm,AF,2022-12-19 01:29:17,36.8648,70.8342,31.28,62,99,3.42
852,Mezen,RU,2022-12-19 01:29:17,65.8522,44.24,7.83,99,93,4.0
853,Bud,US,2022-12-19 01:29:18,39.447,-86.1758,25.83,77,0,6.69
854,Carora,VE,2022-12-19 01:29:19,10.1755,-70.0827,71.85,76,28,5.46
855,Santa Cruz Cabralia,BR,2022-12-19 01:29:19,-16.2781,-39.0247,77.23,88,20,5.75
856,Port Hedland,AU,2022-12-19 01:29:20,-20.3167,118.5667,86.05,58,75,8.05
857,Kribi,CM,2022-12-19 01:29:20,2.95,9.9167,76.93,86,20,5.19
858,Samaca,CO,2022-12-19 01:29:21,5.4927,-73.4854,52.72,95,100,3.04
859,Kumluca,TR,2022-12-19 01:29:22,36.3703,30.2869,63.46,55,16,4.09
860,Kanniyakumari,IN,2022-12-19 01:29:22,8.0833,77.5667,76.15,76,53,20.22
861,Kangaatsiaq,GL,2022-12-19 01:29:23,68.3065,-53.4641,14.63,69,100,9.06
862,Marion,US,2022-12-19 01:29:23,39.7684,-86.1555,26.04,75,0,8.05
863,Rio Formoso,BR,2022-12-19 01:29:24,-8.6636,-35.1586,75.56,80,22,5.21
864,Sebaco,NI,2022-12-19 01:29:24,12.8532,-86.0963,69.17,80,6,5.44
865,Grand-Santi,GF,2022-12-19 01:29:25,4.25,-54.3833,71.17,99,44,2.53
866,Kihei,US,2022-12-19 01:29:26,20.785,-156.4656,69.84,93,100,10.36
867,Pascagoula,US,2022-12-19 01:25:20,30.3658,-88.5561,44.64,92,0,0.0
868,Pimentel,PE,2022-12-19 01:29:26,-6.8367,-79.9342,69.21,84,49,11.74
869,Kandrian,PG,2022-12-19 01:29:27,-6.2167,149.55,84.81,69,100,3.33
870,Fukue,JP,2022-12-19 01:29:27,32.6881,128.8419,37.76,93,75,5.75
871,Kilembe,UG,2022-12-19 01:29:28,0.2,30.0,59.68,76,75,4.85
872,Kismayo,SO,2022-12-19 01:29:29,-0.3582,42.5454,78.15,79,31,13.94
873,Somerset East,ZA,2022-12-19 01:30:29,-32.7217,25.588,57.74,91,0,2.13
874,Thunder Bay,CA,2022-12-19 01:30:30,48.4001,-89.3168,12.18,67,100,8.05
875,Tongliao,CN,2022-12-19 01:30:30,43.6125,122.2653,6.85,50,0,7.96
876,Tessalit,ML,2022-12-19 01:30:31,20.1986,1.0114,67.8,18,22,7.43
877,Southbridge,US,2022-12-19 01:30:31,42.0751,-72.0334,32.27,78,7,3.0
878,Pangnirtung,CA,2022-12-19 01:30:32,66.1451,-65.7125,19.2,59,99,5.7
879,Sakakah,SA,2022-12-19 01:30:32,29.9697,40.2064,49.57,58,0,4.52
880,Mutoko,ZW,2022-12-19 01:30:33,-17.397,32.2268,64.0,91,100,1.81
881,Meiganga,CM,2022-12-19 01:30:33,6.5167,14.3,64.72,29,11,4.21
882,Ler,SS,2022-12-19 01:30:34,8.3018,30.1418,75.87,38,95,3.85
883,Paita,PE,2022-12-19 01:30:34,-5.0892,-81.1144,69.58,86,100,8.23
884,Armilla,ES,2022-12-19 01:30:35,37.141,-3.6185,47.14,89,0,2.3
885,Lisakovsk,KZ,2022-12-19 01:30:35,52.5369,62.4936,27.16,79,100,16.78
886,Vestmannaeyjar,IS,2022-12-19 01:29:17,63.4427,-20.2734,22.03,50,66,11.83
887,Samarai,PG,2022-12-19 01:30:36,-10.6167,150.6667,83.79,74,99,11.39
888,Oussouye,SN,2022-12-19 01:30:36,12.485,-16.5469,62.78,48,75,4.92
889,Xuanzhou,CN,2022-12-19 01:30:37,30.9525,118.7553,42.76,29,0,4.29
890,Rock Springs,US,2022-12-19 01:29:34,41.5875,-109.2029,13.44,79,0,3.44
891,Miri,MY,2022-12-19 01:30:38,4.4148,114.0089,83.16,78,20,4.61
892,Villamontes,BO,2022-12-19 01:30:38,-21.25,-63.5,67.57,85,100,2.48
893,Pyaozerskiy,RU,2022-12-19 01:30:39,65.8333,31.1667,20.55,95,100,6.89
894,Itarema,BR,2022-12-19 01:30:39,-2.9248,-39.9167,78.75,74,100,12.86
895,Mocuba,MZ,2022-12-19 01:30:40,-16.8392,36.9856,73.24,95,100,1.34
896,Nsanje,MW,2022-12-19 01:30:40,-16.92,35.262,73.51,94,100,1.48
897,Urumqi,CN,2022-12-19 01:30:41,43.801,87.6005,11.35,92,0,2.24
898,Paamiut,GL,2022-12-19 01:30:41,61.994,-49.6678,15.78,59,32,9.37
899,Balabac,PH,2022-12-19 01:30:42,7.9868,117.0645,82.69,78,100,16.08
900,Kloulklubed,PW,2022-12-19 01:30:42,7.0419,134.2556,81.1,80,100,19.22
901,Yablonovo,RU,2022-12-19 01:30:43,50.8523,37.3574,23.7,78,98,14.72
902,Nkhata Bay,MW,2022-12-19 01:30:43,-11.6066,34.2907,75.09,75,100,3.47
903,Kilifi,KE,2022-12-19 01:30:44,-3.6305,39.8499,76.42,87,50,8.57
904,Buritizeiro,BR,2022-12-19 01:30:44,-17.3511,-44.9622,69.96,97,100,2.8
905,Doka,SD,2022-12-19 01:30:45,13.5167,35.7667,72.64,39,61,9.35
906,Jijiga,ET,2022-12-19 01:30:45,9.35,42.8,54.73,37,72,13.69
907,Alyangula,AU,2022-12-19 01:30:46,-13.8483,136.4192,87.85,60,61,9.24
908,Monroe,US,2022-12-19 01:28:55,43.1501,-77.6831,32.5,84,100,11.5
909,Luangwa,ZM,2022-12-19 01:30:47,-15.6167,30.4167,74.12,81,100,2.8
910,Tucumcari,US,2022-12-19 01:26:00,35.1717,-103.725,42.64,39,100,18.41
911,Port Hawkesbury,CA,2022-12-19 01:30:47,45.6169,-61.3485,39.58,96,100,4.61
912,Sena Madureira,BR,2022-12-19 01:30:48,-9.0656,-68.6569,74.7,92,92,2.98
913,Coxim,BR,2022-12-19 01:30:49,-18.5067,-54.76,72.55,93,100,12.48
914,Rantepao,ID,2022-12-19 01:30:49,-2.9701,119.8978,78.66,64,100,2.37
915,Tamworth,GB,2022-12-19 01:30:50,52.634,-1.6959,54.37,96,100,8.99
916,Ouesso,CG,2022-12-19 01:30:50,1.6136,16.0517,70.81,83,41,2.17
917,Constantine,DZ,2022-12-19 01:30:51,36.365,6.6147,45.81,93,40,4.61
918,Staryy Krym,UA,2022-12-19 01:30:51,45.0333,35.1,29.48,77,100,14.25
919,Lata,PT,2022-12-19 01:30:52,40.1629,-8.3327,58.08,83,100,9.4
920,Komsomolskiy,UZ,2022-12-19 01:30:52,40.4272,71.7189,29.12,86,100,4.61
921,Chicama,PE,2022-12-19 01:31:53,-7.8447,-79.1469,66.74,78,99,4.68
922,Placerville,US,2022-12-19 01:31:53,38.7296,-120.7986,44.49,82,0,3.44
923,Sergeyevka,KZ,2022-12-19 01:31:54,53.88,67.4158,25.05,75,100,21.14
924,Ajdabiya,LY,2022-12-19 01:31:54,30.7554,20.2263,62.28,60,0,7.49
925,Ambon,ID,2022-12-19 01:31:55,-3.6954,128.1814,84.34,79,40,2.3
926,Wana,PK,2022-12-19 01:31:55,32.2989,69.5725,45.07,43,0,5.39
927,Kindu,CD,2022-12-19 01:31:56,-2.95,25.95,67.17,99,63,0.83
928,Bontang,ID,2022-12-19 01:31:56,0.1333,117.5,82.65,67,97,3.38
929,Maumere,ID,2022-12-19 01:31:57,-8.6199,122.2111,81.43,76,95,5.3
